
DROP DATABASE IF EXISTS alshab;

CREATE DATABASE alshab CHARACTER SET utf8mb4 COLLATE utf8mb4_unicode_ci;

USE alshab;

-- MySQL dump 10.13  Distrib 8.0.28, for Linux (x86_64)

--
-- Host: 127.0.0.1    Database: alshab
-- ------------------------------------------------------
-- Server version	8.0.28

/*!40101 SET @OLD_CHARACTER_SET_CLIENT=@@CHARACTER_SET_CLIENT */;
/*!40101 SET @OLD_CHARACTER_SET_RESULTS=@@CHARACTER_SET_RESULTS */;
/*!40101 SET @OLD_COLLATION_CONNECTION=@@COLLATION_CONNECTION */;
/*!50503 SET NAMES utf8mb4 */;
/*!40103 SET @OLD_TIME_ZONE=@@TIME_ZONE */;
/*!40103 SET TIME_ZONE='+00:00' */;
/*!40014 SET @OLD_UNIQUE_CHECKS=@@UNIQUE_CHECKS, UNIQUE_CHECKS=0 */;
/*!40014 SET @OLD_FOREIGN_KEY_CHECKS=@@FOREIGN_KEY_CHECKS, FOREIGN_KEY_CHECKS=0 */;
/*!40101 SET @OLD_SQL_MODE=@@SQL_MODE, SQL_MODE='NO_AUTO_VALUE_ON_ZERO' */;
/*!40111 SET @OLD_SQL_NOTES=@@SQL_NOTES, SQL_NOTES=0 */;

--
-- Table structure for table `articles`
--

DROP TABLE IF EXISTS `articles`;
/*!40101 SET @saved_cs_client     = @@character_set_client */;
/*!50503 SET character_set_client = utf8mb4 */;
CREATE TABLE `articles` (
  `id` int NOT NULL AUTO_INCREMENT,
  `user_id` int DEFAULT NULL,
  `category_id` int DEFAULT NULL,
  `title` varchar(250) COLLATE utf8mb4_unicode_ci DEFAULT NULL,
  `img` varchar(250) COLLATE utf8mb4_unicode_ci DEFAULT NULL,
  `status` enum('pending','active','declined') COLLATE utf8mb4_unicode_ci DEFAULT 'pending',
  `content` text COLLATE utf8mb4_unicode_ci,
  `views` int NOT NULL DEFAULT '0',
  `created_at` datetime DEFAULT CURRENT_TIMESTAMP,
  `published_at` datetime DEFAULT NULL,
  `deleted_at` datetime DEFAULT NULL,
  PRIMARY KEY (`id`),
  KEY `fk_article_user` (`user_id`),
  KEY `fk_article_cat` (`category_id`),
  CONSTRAINT `fk_article_cat` FOREIGN KEY (`category_id`) REFERENCES `categories` (`id`) ON DELETE RESTRICT ON UPDATE RESTRICT,
  CONSTRAINT `fk_article_user` FOREIGN KEY (`user_id`) REFERENCES `users` (`id`) ON DELETE RESTRICT ON UPDATE RESTRICT
) ENGINE=InnoDB AUTO_INCREMENT=7 DEFAULT CHARSET=utf8mb4 COLLATE=utf8mb4_unicode_ci;
/*!40101 SET character_set_client = @saved_cs_client */;

--
-- Dumping data for table `articles`
--

LOCK TABLES `articles` WRITE;
/*!40000 ALTER TABLE `articles` DISABLE KEYS */;
INSERT INTO `articles` VALUES (1,5,1,'ููููุฉ ุฅููุงุน ุงููุณุชุซูุฑูู ูุงููููููู ุจููุฑุฉ ูุดุฑูุนู','assets/blog/01.jpeg','active','ููุฑูู ุงูุจุณูู ุฏููุงุฑ ุณูุช ุฃููุช ,ูููุณููุชูุชูุฑ ุฃุฏุงูุจุง ูุณูููุฌ ุฃููุงูุช,ุณูุช ุฏู ุฃููุณููุฏ ุชููุจูุฑุฃููุงูุฏูุฏูููุชููุช ูุงุจูุฑู ุงุช ุฏููุงุฑ ูุงุฌูุง ุฃูููููุง . ููุช ุงููู ุฃุฏ ููููู ูููุงูู,ูููุงุณ ููุณุชุฑูุฏุฃูุณูุฑ ุณูุชุงุดู ูููุฃููู ูุงุจูุฑุฃุณ ููุณู ูุช ุฃูููููุจ ุฃูุณ ุฃูุง ูููููุฏู ูููุณููููุงุช . ุฏููุงุณุฃููุชู ุฃุฑูุฑู ุฏููุงุฑ ุฅู ุฑูุจุฑููููุฏูุฑุฃูุช ูููููุจุชุงุชู ูููุงูุช ุฃูุณุณู ูุงูููููู ุฏููุงุฑ ุฃูู ููุฌุงูุชููููุง ุจุงุฑุงูุงุชููุฑ. ุฃููุณุณูุจุชููุฑ ุณุงููุช ุฃูููุงููุงุช ูููุจุงูุฏุงุชุงุช ููู ุจุฑูุงูุฏููุช ,ุณูููุช ุงู ููููุจุงููู ุฃูููุณูุง ุฏูุณูุฑูููุชููููุช ุงููู ุฃูุฏู ุงูุณุช ูุงุจูุฑููู.\"\"ุณูุช ูุชุจูุฑุณุจุงูููุงุชูุณ ูููุฏู ุฃููููุณ ุฃุณุชู ูุงุชูุณ ุฃูุฑุฑูุฑ ุณูุช ููููุจุชุงุชูู ุฃููุณุฃูุชููููุฏููุงุฑููููู ูุงููุฏุงูุชููู,ุชูุชุงู ุฑูู ุฃุจูุฑุฃู,ุฃูููู ุฃุจุณุง ูููุงู ุฃุจ ุฃููู ุฃููููุชูุฑู ููุฑุฃุชุงุชูุณ ุงูุชููุงุณู ุฃุฑุดูุชููุชู ุจูุชุงู ููุชุงู ุฏููุงุชุง ุณูููุช ุฃูุณุจูููุงุจู. ูููู ุฃููู ุฃุจุณุงู ูููููุจุงุชุงุชูู ูููุงููููููุจุชุงุณ ุณุงูุช ุฃุณุจูุฑูุงุชุดุฑ ุฃููุช ุฃูุฏุงูุช ุฃููุช ูููุฌุงูุช, ุณูุฏ ูููุงู ูููุณูููููุชุดุฑ ูุงุฌูุงูุฏููุงุฑุณ ุฃููุณ ูููุงู ุฑุงุชุงุดู ูููููุจุชุงุชูู ุณููููุงู ููุณูุงูููุช. ููููู ุจูุฑุฑู ูููุงูุณููููุงูุณุช,ูููุงู ุฏูููุฑูู ุงูุจุณููู ูููุง ุฏููุงุฑ ุณุงูุช ุฃููุช, ูููุณููุชูุชููุฑ,ุฃุฏูุจุงูุณูุงู ูููุงูุช, ุณูุฏูููุงู ููู ูููููููุงู ุงูุงููุณ ููุฏุงู ุชููุจูุฑุง ุงููุงูุฏูููุช ููุช ูุงุจูุฑู ุฃูุช ุฏููุงุฑ ูุงุฌูุงูุฃูุงููููุงู ูููุงูุฑุงุช ูููููุจุชุงุชูู. ููุช ุงููุงูู ุฃุฏ ูููููุง ููููุงู, ูููุงุณ ููุณุชุฑููู ุฃูุณูุฑูุงูุชุงุดููููุงูููุฑุจูุฑูุณ ุณููุณูุงูุจูุช ูุงุจูุฑุงููุณุงู, ูุงูุณุงู ููุช ุฃูุงููููุงูุฏ ุฃูุณ ุฃูุง ููููุฏุงููููุณููููุงุชุดุฑุ',24,'2022-02-20 20:35:51','2022-02-20 20:35:51',NULL),(2,6,2,'ุงูุชูุงุฒู ูู ุนุฌูุฉ ุงูุญูุงุฉ ุชุฌุงู ุฐุงุชู ูุงูุฏุงูู','assets/blog/02.jpeg','active','ููุฑูู ุงูุจุณูู ุฏููุงุฑ ุณูุช ุฃููุช ,ูููุณููุชูุชูุฑ ุฃุฏุงูุจุง ูุณูููุฌ ุฃููุงูุช,ุณูุช ุฏู ุฃููุณููุฏ ุชููุจูุฑุฃููุงูุฏูุฏูููุชููุช ูุงุจูุฑู ุงุช ุฏููุงุฑ ูุงุฌูุง ุฃูููููุง . ููุช ุงููู ุฃุฏ ููููู ูููุงูู,ูููุงุณ ููุณุชุฑูุฏุฃูุณูุฑ ุณูุชุงุดู ูููุฃููู ูุงุจูุฑุฃุณ ููุณู ูุช ุฃูููููุจ ุฃูุณ ุฃูุง ูููููุฏู ูููุณููููุงุช . ุฏููุงุณุฃููุชู ุฃุฑูุฑู ุฏููุงุฑ ุฅู ุฑูุจุฑููููุฏูุฑุฃูุช ูููููุจุชุงุชู ูููุงูุช ุฃูุณุณู ูุงูููููู ุฏููุงุฑ ุฃูู ููุฌุงูุชููููุง ุจุงุฑุงูุงุชููุฑ. ุฃููุณุณูุจุชููุฑ ุณุงููุช ุฃูููุงููุงุช ูููุจุงูุฏุงุชุงุช ููู ุจุฑูุงูุฏููุช ,ุณูููุช ุงู ููููุจุงููู ุฃูููุณูุง ุฏูุณูุฑูููุชููููุช ุงููู ุฃูุฏู ุงูุณุช ูุงุจูุฑููู.\"\"ุณูุช ูุชุจูุฑุณุจุงูููุงุชูุณ ูููุฏู ุฃููููุณ ุฃุณุชู ูุงุชูุณ ุฃูุฑุฑูุฑ ุณูุช ููููุจุชุงุชูู ุฃููุณุฃูุชููููุฏููุงุฑููููู ูุงููุฏุงูุชููู,ุชูุชุงู ุฑูู ุฃุจูุฑุฃู,ุฃูููู ุฃุจุณุง ูููุงู ุฃุจ ุฃููู ุฃููููุชูุฑู ููุฑุฃุชุงุชูุณ ุงูุชููุงุณู ุฃุฑุดูุชููุชู ุจูุชุงู ููุชุงู ุฏููุงุชุง ุณูููุช ุฃูุณุจูููุงุจู. ูููู ุฃููู ุฃุจุณุงู ูููููุจุงุชุงุชูู ูููุงููููููุจุชุงุณ ุณุงูุช ุฃุณุจูุฑูุงุชุดุฑ ุฃููุช ุฃูุฏุงูุช ุฃููุช ูููุฌุงูุช, ุณูุฏ ูููุงู ูููุณูููููุชุดุฑ ูุงุฌูุงูุฏููุงุฑุณ ุฃููุณ ูููุงู ุฑุงุชุงุดู ูููููุจุชุงุชูู ุณููููุงู ููุณูุงูููุช. ููููู ุจูุฑุฑู ูููุงูุณููููุงูุณุช,ูููุงู ุฏูููุฑูู ุงูุจุณููู ูููุง ุฏููุงุฑ ุณุงูุช ุฃููุช, ูููุณููุชูุชููุฑ,ุฃุฏูุจุงูุณูุงู ูููุงูุช, ุณูุฏูููุงู ููู ูููููููุงู ุงูุงููุณ ููุฏุงู ุชููุจูุฑุง ุงููุงูุฏูููุช ููุช ูุงุจูุฑู ุฃูุช ุฏููุงุฑ ูุงุฌูุงูุฃูุงููููุงู ูููุงูุฑุงุช ูููููุจุชุงุชูู. ููุช ุงููุงูู ุฃุฏ ูููููุง ููููุงู, ูููุงุณ ููุณุชุฑููู ุฃูุณูุฑูุงูุชุงุดููููุงูููุฑุจูุฑูุณ ุณููุณูุงูุจูุช ูุงุจูุฑุงููุณุงู, ูุงูุณุงู ููุช ุฃูุงููููุงูุฏ ุฃูุณ ุฃูุง ููููุฏุงููููุณููููุงุชุดุฑุ',9,'2022-02-20 20:35:51','2022-02-20 20:35:51',NULL),(3,7,3,'ููู ูุงุฌูุช ุดุฑูุฉ ุฌูุฑุงู ุฅููุชุฑูู ูุดููุงุชูุง ุงููุงููุฉ','assets/blog/03.jpeg','active','ููุฑูู ุงูุจุณูู ุฏููุงุฑ ุณูุช ุฃููุช ,ูููุณููุชูุชูุฑ ุฃุฏุงูุจุง ูุณูููุฌ ุฃููุงูุช,ุณูุช ุฏู ุฃููุณููุฏ ุชููุจูุฑุฃููุงูุฏูุฏูููุชููุช ูุงุจูุฑู ุงุช ุฏููุงุฑ ูุงุฌูุง ุฃูููููุง . ููุช ุงููู ุฃุฏ ููููู ูููุงูู,ูููุงุณ ููุณุชุฑูุฏุฃูุณูุฑ ุณูุชุงุดู ูููุฃููู ูุงุจูุฑุฃุณ ููุณู ูุช ุฃูููููุจ ุฃูุณ ุฃูุง ูููููุฏู ูููุณููููุงุช . ุฏููุงุณุฃููุชู ุฃุฑูุฑู ุฏููุงุฑ ุฅู ุฑูุจุฑููููุฏูุฑุฃูุช ูููููุจุชุงุชู ูููุงูุช ุฃูุณุณู ูุงูููููู ุฏููุงุฑ ุฃูู ููุฌุงูุชููููุง ุจุงุฑุงูุงุชููุฑ. ุฃููุณุณูุจุชููุฑ ุณุงููุช ุฃูููุงููุงุช ูููุจุงูุฏุงุชุงุช ููู ุจุฑูุงูุฏููุช ,ุณูููุช ุงู ููููุจุงููู ุฃูููุณูุง ุฏูุณูุฑูููุชููููุช ุงููู ุฃูุฏู ุงูุณุช ูุงุจูุฑููู.\"\"ุณูุช ูุชุจูุฑุณุจุงูููุงุชูุณ ูููุฏู ุฃููููุณ ุฃุณุชู ูุงุชูุณ ุฃูุฑุฑูุฑ ุณูุช ููููุจุชุงุชูู ุฃููุณุฃูุชููููุฏููุงุฑููููู ูุงููุฏุงูุชููู,ุชูุชุงู ุฑูู ุฃุจูุฑุฃู,ุฃูููู ุฃุจุณุง ูููุงู ุฃุจ ุฃููู ุฃููููุชูุฑู ููุฑุฃุชุงุชูุณ ุงูุชููุงุณู ุฃุฑุดูุชููุชู ุจูุชุงู ููุชุงู ุฏููุงุชุง ุณูููุช ุฃูุณุจูููุงุจู. ูููู ุฃููู ุฃุจุณุงู ูููููุจุงุชุงุชูู ูููุงููููููุจุชุงุณ ุณุงูุช ุฃุณุจูุฑูุงุชุดุฑ ุฃููุช ุฃูุฏุงูุช ุฃููุช ูููุฌุงูุช, ุณูุฏ ูููุงู ูููุณูููููุชุดุฑ ูุงุฌูุงูุฏููุงุฑุณ ุฃููุณ ูููุงู ุฑุงุชุงุดู ูููููุจุชุงุชูู ุณููููุงู ููุณูุงูููุช. ููููู ุจูุฑุฑู ูููุงูุณููููุงูุณุช,ูููุงู ุฏูููุฑูู ุงูุจุณููู ูููุง ุฏููุงุฑ ุณุงูุช ุฃููุช, ูููุณููุชูุชููุฑ,ุฃุฏูุจุงูุณูุงู ูููุงูุช, ุณูุฏูููุงู ููู ูููููููุงู ุงูุงููุณ ููุฏุงู ุชููุจูุฑุง ุงููุงูุฏูููุช ููุช ูุงุจูุฑู ุฃูุช ุฏููุงุฑ ูุงุฌูุงูุฃูุงููููุงู ูููุงูุฑุงุช ูููููุจุชุงุชูู. ููุช ุงููุงูู ุฃุฏ ูููููุง ููููุงู, ูููุงุณ ููุณุชุฑููู ุฃูุณูุฑูุงูุชุงุดููููุงูููุฑุจูุฑูุณ ุณููุณูุงูุจูุช ูุงุจูุฑุงููุณุงู, ูุงูุณุงู ููุช ุฃูุงููููุงูุฏ ุฃูุณ ุฃูุง ููููุฏุงููููุณููููุงุชุดุฑุ',6,'2022-02-20 20:35:51','2022-02-20 20:35:51',NULL),(4,41,2,'ูู ุงูุชูููุฑ ุงูููุงุฏู','assets/2022-03-04 18:46:15.177604421 +0000 UTC m=+1442338.285253069ุชูููุฉ-ุจุดุฑูุฉ-ุนู-ุงูููุงุฏุฉ.jpg','pending','<h1>ูู ุงูุชูููุฑ ุงูููุงุฏู..</h1><p>ูู ุถุฑูุฑูุงุช ูุฌุงุญ ุงูุดุฎุต ุงูููุงุฏู ุงูุชูููุฑ ุจุดูู ูุฎุชูู ูููู ุงู ูููู ูู ุชุฃุซูุฑ ููู ูุฅูุฌุงุจู ุนูู ุญูุงุชู ุงูููููุฉ ุงูููุงุฏูุฉ</p><p>ุฅุฐุง ูุธุฑ ุฅูู ุงูุฃุดูุงุก ุนูู ุฃููุง ุบูุฑ ูุงุจูุฉ ููุชุบููุฑ ููู ูุชุบูุฑ ุดูุก ููุฃูุถู.</p><p>ูู ุฎูุงู ุงูุชูููุฑ ุฎุงุฑุฌ ุงูุตูุฏูู ุณูุฌุนูู ูู ุชุทูุฑ ูููู ูุณุชูุฑ ุณุชููุฑ ุฏุงุฆูุงู ูู ููููุฉ ุชุญุณูู ุญูุงุชู ูุฎุฏูุงุชู ููุฃูุถู</p><p>ุฃููุง ุงูุฑูุงุฏู ุงูููุงุฏู ุฏููุง ููุฑ ุฎุงุฑุฌ ุงูุตูุฏูู ุญุชู ุชุจุฏุน ูุชูุชุฌ.ูุชุชููุฒ..๐ก</p><p>ูููุณุชู ุงูููุงุฏูุฉ*</p><p>(ุงููุงู) ุชุนูู ุงูููุฉ</p><p>(ุงููุงุก)ุชุนูู ุงููุณุฑ</p><p>(ุงูุฏุงู)ุชุนูู ุงูุฏุจูููุงุณูุฉ</p><p>ูู ูุณููุฉ ุงูุงุชุตุงู ุงููุงุฌุญุฉ ุจููู ุงููุงุณ</p><p>ููู ุฃูุซูุฉ ุงููุนุงููุงุช ุงูุฏุจูููุงุณูุฉ ูู ุงููุฏููุ ุงููุฑุงุณูุงุช ุงูุชู ูุงูุช ุจูู ุงูุฑุณูู ูุญูุฏ ุนููู ุงูุตูุงุฉ ูุงูุณูุงู ููุฌุงุดู ุงูุญุจุดุฉู ููุฑูู ุนุธูู ุงูุฑููุ ููุณุฑู ููู ุงููุฑุณ.</p><p>(ุงูุชุงุกุฉ)<em>ุชุนูู ุงูุชูููุฑ ูุชุฃูู ูุงููุฏูุงุก ูุชูููุฏุงูุฃููุงุฑ ุงูุฅุจุฏุงุนูุฉ </em></p><p><em> </em>ุชุฐูุฑ ูุฐู ุงูููุณูุฉ ุงูููุงุฏูุฉ ูุงุชุบุฐูุฉ ูุฑุฌุนูุฉ ูุจุณุทุฉ ูู ููุงุฏุชู ุงูุฑูุงุฏูุฉ*๐๐ป</p><p><em>ูู ุงูุฎุชุงู ุฃููุง ุงููุงุฏุฉ ุงูุฑูุงุฏููู</em></p><p><em>ุฃููู ููู ููุงุฏุฉ ุฑูุงุฏูุฉ ูุชููุฒุฉ ูุชูููุฉ ุญูููุฉ ุดุฌุงุนุฉ ูุชูุงุถุนุฉ ุฐุงุช ุฃุซุฑ ูุชุฃุซูุฑ ุฅูุฌุงุจู</em></p><p><em>ูุฃููู ุชุณุชุญููู ุฃู ุชููููุง ุฎูุฑ ูุงุฏุฉ ุนูู ูุณุชูู ุฑููุน ูุฎูุฑ ุฃูุฉู ุฃูุฎุฑุฌุช ููุงุณ  .</em></p><p> <em>ูุฃุฌูู</em></p><p>๐ูู ูุงุฆุฏุงู ุฑูุงุฏูุงู ูุงุนูููุงู ๐</p><p><em>ููู ููู ุฃุทูุจ ุงูุชุญุงูุง ูุงูุชูุฏูุฑ</em></p><p>โูุชุจุชู</p><p>ุฃุณุชุงุฐุฉ/ุจุซููุฉ ุจูุช ูุญูุฏ.๐</p>',0,'2022-03-04 18:46:15',NULL,NULL),(5,41,2,'ูู ุงูุชูููุฑ ุงูููุงุฏู','assets/2022-03-04 18:46:35.987591069 +0000 UTC m=+1442359.095239717ุชูููุฉ-ุจุดุฑูุฉ-ุนู-ุงูููุงุฏุฉ.jpg','pending','<h1>ูู ุงูุชูููุฑ ุงูููุงุฏู..</h1><p>ูู ุถุฑูุฑูุงุช ูุฌุงุญ ุงูุดุฎุต ุงูููุงุฏู ุงูุชูููุฑ ุจุดูู ูุฎุชูู ูููู ุงู ูููู ูู ุชุฃุซูุฑ ููู ูุฅูุฌุงุจู ุนูู ุญูุงุชู ุงูููููุฉ ุงูููุงุฏูุฉ</p><p>ุฅุฐุง ูุธุฑ ุฅูู ุงูุฃุดูุงุก ุนูู ุฃููุง ุบูุฑ ูุงุจูุฉ ููุชุบููุฑ ููู ูุชุบูุฑ ุดูุก ููุฃูุถู.</p><p>ูู ุฎูุงู ุงูุชูููุฑ ุฎุงุฑุฌ ุงูุตูุฏูู ุณูุฌุนูู ูู ุชุทูุฑ ูููู ูุณุชูุฑ ุณุชููุฑ ุฏุงุฆูุงู ูู ููููุฉ ุชุญุณูู ุญูุงุชู ูุฎุฏูุงุชู ููุฃูุถู</p><p>ุฃููุง ุงูุฑูุงุฏู ุงูููุงุฏู ุฏููุง ููุฑ ุฎุงุฑุฌ ุงูุตูุฏูู ุญุชู ุชุจุฏุน ูุชูุชุฌ.ูุชุชููุฒ..๐ก</p><p>ูููุณุชู ุงูููุงุฏูุฉ*</p><p>(ุงููุงู) ุชุนูู ุงูููุฉ</p><p>(ุงููุงุก)ุชุนูู ุงููุณุฑ</p><p>(ุงูุฏุงู)ุชุนูู ุงูุฏุจูููุงุณูุฉ</p><p>ูู ูุณููุฉ ุงูุงุชุตุงู ุงููุงุฌุญุฉ ุจููู ุงููุงุณ</p><p>ููู ุฃูุซูุฉ ุงููุนุงููุงุช ุงูุฏุจูููุงุณูุฉ ูู ุงููุฏููุ ุงููุฑุงุณูุงุช ุงูุชู ูุงูุช ุจูู ุงูุฑุณูู ูุญูุฏ ุนููู ุงูุตูุงุฉ ูุงูุณูุงู ููุฌุงุดู ุงูุญุจุดุฉู ููุฑูู ุนุธูู ุงูุฑููุ ููุณุฑู ููู ุงููุฑุณ.</p><p>(ุงูุชุงุกุฉ)<em>ุชุนูู ุงูุชูููุฑ ูุชุฃูู ูุงููุฏูุงุก ูุชูููุฏุงูุฃููุงุฑ ุงูุฅุจุฏุงุนูุฉ </em></p><p><em> </em>ุชุฐูุฑ ูุฐู ุงูููุณูุฉ ุงูููุงุฏูุฉ ูุงุชุบุฐูุฉ ูุฑุฌุนูุฉ ูุจุณุทุฉ ูู ููุงุฏุชู ุงูุฑูุงุฏูุฉ*๐๐ป</p><p><em>ูู ุงูุฎุชุงู ุฃููุง ุงููุงุฏุฉ ุงูุฑูุงุฏููู</em></p><p><em>ุฃููู ููู ููุงุฏุฉ ุฑูุงุฏูุฉ ูุชููุฒุฉ ูุชูููุฉ ุญูููุฉ ุดุฌุงุนุฉ ูุชูุงุถุนุฉ ุฐุงุช ุฃุซุฑ ูุชุฃุซูุฑ ุฅูุฌุงุจู</em></p><p><em>ูุฃููู ุชุณุชุญููู ุฃู ุชููููุง ุฎูุฑ ูุงุฏุฉ ุนูู ูุณุชูู ุฑููุน ูุฎูุฑ ุฃูุฉู ุฃูุฎุฑุฌุช ููุงุณ  .</em></p><p> <em>ูุฃุฌูู</em></p><p>๐ูู ูุงุฆุฏุงู ุฑูุงุฏูุงู ูุงุนูููุงู ๐</p><p><em>ููู ููู ุฃุทูุจ ุงูุชุญุงูุง ูุงูุชูุฏูุฑ</em></p><p>โูุชุจุชู</p><p>ุฃุณุชุงุฐุฉ/ุจุซููุฉ ุจูุช ูุญูุฏ.๐</p>',0,'2022-03-04 18:46:35',NULL,NULL),(6,41,2,'ูู ุงูุชูููุฑ ุงูููุงุฏู','assets/2022-03-04 18:47:44.923276646 +0000 UTC m=+1442428.030925303ุชูููุฉ-ุจุดุฑูุฉ-ุนู-ุงูููุงุฏุฉ.jpg','pending','<h1>ูู ุงูุชูููุฑ ุงูููุงุฏู..</h1><p>ูู ุถุฑูุฑูุงุช ูุฌุงุญ ุงูุดุฎุต ุงูููุงุฏู ุงูุชูููุฑ ุจุดูู ูุฎุชูู ูููู ุงู ูููู ูู ุชุฃุซูุฑ ููู ูุฅูุฌุงุจู ุนูู ุญูุงุชู ุงูููููุฉ ุงูููุงุฏูุฉ</p><p>ุฅุฐุง ูุธุฑ ุฅูู ุงูุฃุดูุงุก ุนูู ุฃููุง ุบูุฑ ูุงุจูุฉ ููุชุบููุฑ ููู ูุชุบูุฑ ุดูุก ููุฃูุถู.</p><p>ูู ุฎูุงู ุงูุชูููุฑ ุฎุงุฑุฌ ุงูุตูุฏูู ุณูุฌุนูู ูู ุชุทูุฑ ูููู ูุณุชูุฑ ุณุชููุฑ ุฏุงุฆูุงู ูู ููููุฉ ุชุญุณูู ุญูุงุชู ูุฎุฏูุงุชู ููุฃูุถู</p><p>ุฃููุง ุงูุฑูุงุฏู ุงูููุงุฏู ุฏููุง ููุฑ ุฎุงุฑุฌ ุงูุตูุฏูู ุญุชู ุชุจุฏุน ูุชูุชุฌ.ูุชุชููุฒ..๐ก</p><p>ูููุณุชู ุงูููุงุฏูุฉ*</p><p>(ุงููุงู) ุชุนูู ุงูููุฉ</p><p>(ุงููุงุก)ุชุนูู ุงููุณุฑ</p><p>(ุงูุฏุงู)ุชุนูู ุงูุฏุจูููุงุณูุฉ</p><p>ูู ูุณููุฉ ุงูุงุชุตุงู ุงููุงุฌุญุฉ ุจููู ุงููุงุณ</p><p>ููู ุฃูุซูุฉ ุงููุนุงููุงุช ุงูุฏุจูููุงุณูุฉ ูู ุงููุฏููุ ุงููุฑุงุณูุงุช ุงูุชู ูุงูุช ุจูู ุงูุฑุณูู ูุญูุฏ ุนููู ุงูุตูุงุฉ ูุงูุณูุงู ููุฌุงุดู ุงูุญุจุดุฉู ููุฑูู ุนุธูู ุงูุฑููุ ููุณุฑู ููู ุงููุฑุณ.</p><p>(ุงูุชุงุกุฉ)<em>ุชุนูู ุงูุชูููุฑ ูุชุฃูู ูุงููุฏูุงุก ูุชูููุฏุงูุฃููุงุฑ ุงูุฅุจุฏุงุนูุฉ </em></p><p><em> </em>ุชุฐูุฑ ูุฐู ุงูููุณูุฉ ุงูููุงุฏูุฉ ูุงุชุบุฐูุฉ ูุฑุฌุนูุฉ ูุจุณุทุฉ ูู ููุงุฏุชู ุงูุฑูุงุฏูุฉ*๐๐ป</p><p><em>ูู ุงูุฎุชุงู ุฃููุง ุงููุงุฏุฉ ุงูุฑูุงุฏููู</em></p><p><em>ุฃููู ููู ููุงุฏุฉ ุฑูุงุฏูุฉ ูุชููุฒุฉ ูุชูููุฉ ุญูููุฉ ุดุฌุงุนุฉ ูุชูุงุถุนุฉ ุฐุงุช ุฃุซุฑ ูุชุฃุซูุฑ ุฅูุฌุงุจู</em></p><p><em>ูุฃููู ุชุณุชุญููู ุฃู ุชููููุง ุฎูุฑ ูุงุฏุฉ ุนูู ูุณุชูู ุฑููุน ูุฎูุฑ ุฃูุฉู ุฃูุฎุฑุฌุช ููุงุณ  .</em></p><p> <em>ูุฃุฌูู</em></p><p>๐ูู ูุงุฆุฏุงู ุฑูุงุฏูุงู ูุงุนูููุงู ๐</p><p><em>ููู ููู ุฃุทูุจ ุงูุชุญุงูุง ูุงูุชูุฏูุฑ</em></p><p>โูุชุจุชู</p><p>ุฃุณุชุงุฐุฉ/ุจุซููุฉ ุจูุช ูุญูุฏ.๐</p>',0,'2022-03-04 18:47:44',NULL,NULL);
/*!40000 ALTER TABLE `articles` ENABLE KEYS */;
UNLOCK TABLES;

--
-- Table structure for table `categories`
--

DROP TABLE IF EXISTS `categories`;
/*!40101 SET @saved_cs_client     = @@character_set_client */;
/*!50503 SET character_set_client = utf8mb4 */;
CREATE TABLE `categories` (
  `id` int NOT NULL AUTO_INCREMENT,
  `name` varchar(250) COLLATE utf8mb4_unicode_ci DEFAULT NULL,
  `icon` varchar(250) COLLATE utf8mb4_unicode_ci DEFAULT NULL,
  `type` enum('post','project','event') COLLATE utf8mb4_unicode_ci DEFAULT NULL,
  PRIMARY KEY (`id`)
) ENGINE=InnoDB AUTO_INCREMENT=18 DEFAULT CHARSET=utf8mb4 COLLATE=utf8mb4_unicode_ci;
/*!40101 SET character_set_client = @saved_cs_client */;

--
-- Dumping data for table `categories`
--

LOCK TABLES `categories` WRITE;
/*!40000 ALTER TABLE `categories` DISABLE KEYS */;
INSERT INTO `categories` VALUES (1,'ุงุณุชุซูุงุฑ','domain','post'),(2,'ุงูููุงุฏุฉ','account-multiple-plus-outline','post'),(3,'ุงููุงููุฉ','cash-multiple','post'),(4,'ุงูุชูููุฉ','desktop-classic','post'),(5,'ุงุฏุงุฑุฉ','human-greeting-variant','post'),(6,'ุงุฎุฑู','human-greeting-variant','post'),(7,'ูุณุชุดููุงุช ูุนูุงุฏุงุช','hospital-building','project'),(8,'ูุทุงุนู ููุงูููุงุช','silverware-fork-knife','project'),(9,'ุฑูุงุถุฉ ูุชุฑููู','run-fast','project'),(10,'ูููุชุงุฌ ูุฑุฆู','video-check-outline','project'),(11,'ูุฏุงุฑุณ ููุฑุงูุฒ ุชุนููู','school-outline','project'),(12,'ุงุฎุฑู','human-greeting-variant','project'),(13,'ูุฑุดุฉ ุนูู','hospital-building','event'),(14,'ููุงุก ุงุณุชุดุงุฑู','hospital-building','event'),(15,'ููุงุก ุงุนูุงู - ุฌุฏุฉ','hospital-building','event'),(16,'ููุงุก ุงูุฑูุงุฏ','hospital-building','event'),(17,'ุงุฎุฑู','human-greeting-variant','event');
/*!40000 ALTER TABLE `categories` ENABLE KEYS */;
UNLOCK TABLES;

--
-- Table structure for table `cities`
--

DROP TABLE IF EXISTS `cities`;
/*!40101 SET @saved_cs_client     = @@character_set_client */;
/*!50503 SET character_set_client = utf8mb4 */;
CREATE TABLE `cities` (
  `id` int NOT NULL AUTO_INCREMENT,
  `name` varchar(250) COLLATE utf8mb4_unicode_ci DEFAULT NULL,
  PRIMARY KEY (`id`)
) ENGINE=InnoDB AUTO_INCREMENT=21 DEFAULT CHARSET=utf8mb4 COLLATE=utf8mb4_unicode_ci;
/*!40101 SET character_set_client = @saved_cs_client */;

--
-- Dumping data for table `cities`
--

LOCK TABLES `cities` WRITE;
/*!40000 ALTER TABLE `cities` DISABLE KEYS */;
INSERT INTO `cities` VALUES (1,'ุฌุฏุฉ'),(2,'ุงูุฑูุงุถ'),(3,'ุงูุทุงุฆู'),(4,'ููุฉ ุงูููุฑูุฉ'),(5,'ุงููุฏููุฉ ุงููููุฑุฉ'),(6,'ุงููุฌ'),(7,'ุงูุฌุจูู'),(8,'ุงูุฏูุงู'),(9,'ุงูุฎุฑุฌ'),(10,'ุงูููุซ'),(11,'ุจูุดุฉ'),(12,'ุจุฑูุฏุฉ'),(13,'ุงูุดุฑููุฉ'),(14,'ุชุจูู'),(15,'ูุฌุฑุงู'),(16,'ุดุฑูุฑุฉ'),(17,'ุฌูุฒุงู'),(18,'ุชููุงุก'),(19,'ุงูุงุญุณุงุก'),(20,'ุงููุตูู');
/*!40000 ALTER TABLE `cities` ENABLE KEYS */;
UNLOCK TABLES;

--
-- Table structure for table `consultunts`
--

DROP TABLE IF EXISTS `consultunts`;
/*!40101 SET @saved_cs_client     = @@character_set_client */;
/*!50503 SET character_set_client = utf8mb4 */;
CREATE TABLE `consultunts` (
  `id` int NOT NULL AUTO_INCREMENT,
  `name` varchar(250) COLLATE utf8mb4_unicode_ci DEFAULT NULL,
  `title` varchar(250) COLLATE utf8mb4_unicode_ci DEFAULT NULL,
  `skills` text COLLATE utf8mb4_unicode_ci,
  `img` varchar(250) COLLATE utf8mb4_unicode_ci DEFAULT 'assets/members/default.png',
  `breif` text COLLATE utf8mb4_unicode_ci,
  PRIMARY KEY (`id`)
) ENGINE=InnoDB AUTO_INCREMENT=5 DEFAULT CHARSET=utf8mb4 COLLATE=utf8mb4_unicode_ci;
/*!40101 SET character_set_client = @saved_cs_client */;

--
-- Dumping data for table `consultunts`
--

LOCK TABLES `consultunts` WRITE;
/*!40000 ALTER TABLE `consultunts` DISABLE KEYS */;
INSERT INTO `consultunts` VALUES (1,'ุงุญูุฏ ุนุจุฏุงููู ุงููููุจู','ูุณุชุดุงุฑ ุชุทููุฑ ุงุนูุงู','ุงูุงุณุชุฑุงุชูุฌูุงุช,ุงูููุฐุฌุฉ,ุงูุชุทููุฑ','assets/ุงููููุจู2020-removebg-preview.png','ููุฑูู ุงูุจุณูู ุฏููุงุฑ ุณูุช ุฃููุช ,ูููุณููุชูุชูุฑ ุฃุฏุงูุจุง ูุณูููุฌ ุฃููุงูุช,ุณูุช ุฏู ุฃููุณููุฏ ุชููุจูุฑ ุฃููุงูุฏูุฏูููุชููุช ูุงุจูุฑู ุงุช ุฏููุงุฑ ูุงุฌูุง ุฃูููููุง'),(2,'ุฑูุง ุนุจุฏุงููู ุฒูุนู','ูุณุชุดุงุฑ ุงุชุตุงู ูุคุณุณู','ุงูุชูููุฉ, ุงูุงุชุตุงู, ุงูุนูุงูุงุช','assets/921588426216_servers-removebg-preview.png','ูุช ุงููู ุฃุฏ ููููู ูููุงูู,ูููุงุณ ููุณุชุฑูุฏ ุฃูุณูุฑ ุณูุชุงุดู ูููุฃููู ูุงุจูุฑุฃุณ ููุณู ูุช ุฃูููููุจ ุฃูุณ ุฃูุง ูููููุฏู ูููุณููููุงุช'),(3,'ูููุฏ ููููุฏู','ูุณุชุดุงุฑ ุงูุชุตุงุฏู','ุงููุงููุฉ,ุงูุชุณููู,ุงูููุงุฏุฉ','assets/ูููุฏ ู.jpg','ุฏููุงุณุฃููุชู ุฃุฑูุฑู ุฏููุงุฑ ุฅู ุฑูุจุฑููููุฏูุฑุฃูุช ูููููุจุชุงุชู ูููุงูุช ุฃูุณุณู ูุงูููููู ุฏููุงุฑ ุฃูู ููุฌุงูุชููููุง ุจุงุฑุงูุงุชููุฑ ูุงุจูุฑุฃุณ ููุณู ูุช ุฃูููููุจ'),(4,'ุฌูุงู ุนุจุฏุงูุฑุญูู ุงูุฒุงูู','ูุณุชุดุงุฑ ุงูุตูุงุนุฉ ูุงูุงุนูุงู','ุงูุชุดุบูู,ุงูุนูููุงุช,ุงูุชุณููู','assets/ุงูุฒุงูู.png','ุฏููุงุณุฃููุชู ุฃุฑูุฑู ุฏููุงุฑ ุฅู ุฑูุจุฑููููุฏูุฑุฃูุช ูููููุจุชุงุชู ูููุงูุช ุฃูุณุณู ูุงูููููู ุฏููุงุฑ ุฃูู ููุฌุงูุชููููุง ุจุงุฑุงูุงุชููุฑ ูุงุจูุฑุฃุณ ููุณู ูุช ุฃูููููุจ');
/*!40000 ALTER TABLE `consultunts` ENABLE KEYS */;
UNLOCK TABLES;

--
-- Table structure for table `events`
--

DROP TABLE IF EXISTS `events`;
/*!40101 SET @saved_cs_client     = @@character_set_client */;
/*!50503 SET character_set_client = utf8mb4 */;
CREATE TABLE `events` (
  `id` int NOT NULL AUTO_INCREMENT,
  `title` varchar(250) COLLATE utf8mb4_unicode_ci DEFAULT NULL,
  `img` varchar(250) COLLATE utf8mb4_unicode_ci DEFAULT NULL,
  `video` text COLLATE utf8mb4_unicode_ci,
  `breif` text COLLATE utf8mb4_unicode_ci,
  `date` date DEFAULT NULL,
  `price` float unsigned DEFAULT NULL,
  `featured` tinyint(1) DEFAULT '0',
  `category_id` int DEFAULT NULL,
  `created_at` datetime DEFAULT CURRENT_TIMESTAMP,
  `deleted_at` datetime DEFAULT NULL,
  PRIMARY KEY (`id`),
  KEY `fk_project_event` (`category_id`),
  CONSTRAINT `fk_project_event` FOREIGN KEY (`category_id`) REFERENCES `categories` (`id`) ON DELETE RESTRICT ON UPDATE RESTRICT
) ENGINE=InnoDB AUTO_INCREMENT=5 DEFAULT CHARSET=utf8mb4 COLLATE=utf8mb4_unicode_ci;
/*!40101 SET character_set_client = @saved_cs_client */;

--
-- Dumping data for table `events`
--

LOCK TABLES `events` WRITE;
/*!40000 ALTER TABLE `events` DISABLE KEYS */;
INSERT INTO `events` VALUES (1,'ุชูููุฏ ุงูุงููุงุฑ ูููุดุงุฑูุน','assets/events/01.jpeg','https://www.youtube.com/embed/2MiTWgoazy0','  <p> ููุฑูู ุงูุจุณูู ุฏููุงุฑ ุณูุช ุฃููุช ,ูููุณููุชูุชูุฑ ุฃุฏุงูุจุง ูุณูููุฌ ุฃููุงูุช,ุณูุช ุฏู ุฃููุณููุฏ ุชููุจูุฑุฃููุงูุฏูุฏูููุชููุช ูุงุจูุฑู ุงุช ุฏููุงุฑ ูุงุฌูุง ุฃูููููุง . ููุช ุงููู ุฃุฏ ููููู ูููุงูู,ูููุงุณ ููุณุชุฑูุฏุฃูุณูุฑ ุณูุชุงุดู ูููุฃููู ูุงุจูุฑุฃุณ ููุฑูู ุงูุจุณูู ุฏููุงุฑ ุณูุช ุฃููุช ,ูููุณููุชูุชูุฑ ุฃุฏุงูุจุง ูุณูููุฌ ุฃููุงูุช,ุณูุช ุฏู ุฃููุณููุฏ ุชููุจูุฑุฃููุงูุฏูุฏูููุชููุช ูุงุจูุฑู ุงุช ุฏููุงุฑ ูุงุฌูุง ุฃูููููุง . ููุช ุงููู ุฃุฏ ููููู ูููุงูู,ูููุงุณ ููุณุชุฑูุฏุฃูุณูุฑ ุณูุชุงุดู ูููุฃููู ูุงุจูุฑุฃุณ ููุฑูู ุงูุจุณูู ุฏููุงุฑ ุณูุช ุฃููุช ,ูููุณููุชูุชูุฑ ุฃุฏุงูุจุง ูุณูููุฌ ุฃููุงูุช,ุณูุช ุฏู ุฃููุณููุฏ ุชููุจูุฑุฃููุงูุฏูุฏูููุชููุช ูุงุจูุฑู ุงุช ุฏููุงุฑ ูุงุฌูุง ุฃูููููุง . ููุช ุงููู ุฃุฏ ููููู ูููุงูู,ูููุงุณ ููุณุชุฑูุฏุฃูุณูุฑ ุณูุชุงุดู ูููุฃููู ูุงุจูุฑุฃุณููุฑูู ุงูุจุณูู ุฏููุงุฑ ุณูุช ุฃููุช ,ูููุณููุชูุชูุฑ ุฃุฏุงูุจุง ูุณูููุฌ ุฃููุงูุช,ุณูุช ุฏู ุฃููุณููุฏ ุชููุจูุฑุฃููุงูุฏูุฏูููุชููุช ูุงุจูุฑู ุงุช ุฏููุงุฑ ูุงุฌูุง ุฃูููููุง . ููุช ุงููู ุฃุฏ ููููู ูููุงูู,ูููุงุณ ููุณุชุฑูุฏุฃูุณูุฑ ุณูุชุงุดู ูููุฃููู ูุงุจูุฑุฃุณ</p>\n            <p> ููุฑูู ุงูุจุณูู ุฏููุงุฑ ุณูุช ุฃููุช ,ูููุณููุชูุชูุฑ ุฃุฏุงูุจุง ูุณูููุฌ ุฃููุงูุช,ุณูุช ุฏู ุฃููุณููุฏ ุชููุจูุฑุฃููุงูุฏูุฏูููุชููุช ูุงุจูุฑู ุงุช ุฏููุงุฑ ูุงุฌูุง ุฃูููููุง . ููุช ุงููู ุฃุฏ ููููู ูููุงูู,ูููุงุณ ููุณุชุฑูุฏุฃูุณูุฑ ุณูุชุงุดู ูููุฃููู ูุงุจูุฑุฃุณ ููุฑูู ุงูุจุณูู ุฏููุงุฑ ุณูุช ุฃููุช ,ูููุณููุชูุชูุฑ ุฃุฏุงูุจุง ูุณูููุฌ ุฃููุงูุช,ุณูุช ุฏู ุฃููุณููุฏ ุชููุจูุฑุฃููุงูุฏูุฏูููุชููุช ูุงุจูุฑู ุงุช ุฏููุงุฑ ูุงุฌูุง ุฃูููููุง . ููุช ุงููู ุฃุฏ ููููู ูููุงูู,ูููุงุณ ููุณุชุฑูุฏุฃูุณูุฑ ุณูุชุงุดู ูููุฃููู ูุงุจูุฑุฃุณ ููุฑูู ุงูุจุณูู ุฏููุงุฑ ุณูุช ุฃููุช ,ูููุณููุชูุชูุฑ ุฃุฏุงูุจุง ูุณูููุฌ ุฃููุงูุช,ุณูุช ุฏู ุฃููุณููุฏ ุชููุจูุฑุฃููุงูุฏูุฏูููุชููุช ูุงุจูุฑู ุงุช ุฏููุงุฑ ูุงุฌูุง ุฃูููููุง . ููุช ุงููู ุฃุฏ ููููู ูููุงูู,ูููุงุณ ููุณุชุฑูุฏุฃูุณูุฑ ุณูุชุงุดู ูููุฃููู ูุงุจูุฑุฃุณููุฑูู ุงูุจุณูู ุฏููุงุฑ ุณูุช ุฃููุช ,ูููุณููุชูุชูุฑ ุฃุฏุงูุจุง ูุณูููุฌ ุฃููุงูุช,ุณูุช ุฏู ุฃููุณููุฏ ุชููุจูุฑุฃููุงูุฏูุฏูููุชููุช ูุงุจูุฑู ุงุช ุฏููุงุฑ ูุงุฌูุง ุฃูููููุง . ููุช ุงููู ุฃุฏ ููููู ูููุงูู,ูููุงุณ ููุณุชุฑูุฏุฃูุณูุฑ ุณูุชุงุดู ูููุฃููู ูุงุจูุฑุฃุณ</p>\n            <p> ููุฑูู ุงูุจุณูู ุฏููุงุฑ ุณูุช ุฃููุช ,ูููุณููุชูุชูุฑ ุฃุฏุงูุจุง ูุณูููุฌ ุฃููุงูุช,ุณูุช ุฏู ุฃููุณููุฏ ุชููุจูุฑุฃููุงูุฏูุฏูููุชููุช ูุงุจูุฑู ุงุช ุฏููุงุฑ ูุงุฌูุง ุฃูููููุง . ููุช ุงููู ุฃุฏ ููููู ูููุงูู,ูููุงุณ ููุณุชุฑูุฏุฃูุณูุฑ ุณูุชุงุดู ูููุฃููู ูุงุจูุฑุฃุณ ููุฑูู ุงูุจุณูู ุฏููุงุฑ ุณูุช ุฃููุช ,ูููุณููุชูุชูุฑ ุฃุฏุงูุจุง ูุณูููุฌ ุฃููุงูุช,ุณูุช ุฏู ุฃููุณููุฏ ุชููุจูุฑุฃููุงูุฏูุฏูููุชููุช ูุงุจูุฑู ุงุช ุฏููุงุฑ ูุงุฌูุง ุฃูููููุง . ููุช ุงููู ุฃุฏ ููููู ูููุงูู,ูููุงุณ ููุณุชุฑูุฏุฃูุณูุฑ ุณูุชุงุดู ูููุฃููู ูุงุจูุฑุฃุณ ููุฑูู ุงูุจุณูู ุฏููุงุฑ ุณูุช ุฃููุช ,ูููุณููุชูุชูุฑ ุฃุฏุงูุจุง ูุณูููุฌ ุฃููุงูุช,ุณูุช ุฏู ุฃููุณููุฏ ุชููุจูุฑุฃููุงูุฏูุฏูููุชููุช ูุงุจูุฑู ุงุช ุฏููุงุฑ ูุงุฌูุง ุฃูููููุง . ููุช ุงููู ุฃุฏ ููููู ูููุงูู,ูููุงุณ ููุณุชุฑูุฏุฃูุณูุฑ ุณูุชุงุดู ูููุฃููู ูุงุจูุฑุฃุณููุฑูู ุงูุจุณูู ุฏููุงุฑ ุณูุช ุฃููุช ,ูููุณููุชูุชูุฑ ุฃุฏุงูุจุง ูุณูููุฌ ุฃููุงูุช,ุณูุช ุฏู ุฃููุณููุฏ ุชููุจูุฑุฃููุงูุฏูุฏูููุชููุช ูุงุจูุฑู ุงุช ุฏููุงุฑ ูุงุฌูุง ุฃูููููุง . ููุช ุงููู ุฃุฏ ููููู ูููุงูู,ูููุงุณ ููุณุชุฑูุฏุฃูุณูุฑ ุณูุชุงุดู ูููุฃููู ูุงุจูุฑุฃุณ</p>','2021-11-09',150,1,11,'2022-02-20 20:35:51',NULL),(2,'ุชุญุฏุซ ุงูู ุฎุจูุฑ','assets/events/02.png','https://www.youtube.com/embed/2MiTWgoazy0','  <p> ููุฑูู ุงูุจุณูู ุฏููุงุฑ ุณูุช ุฃููุช ,ูููุณููุชูุชูุฑ ุฃุฏุงูุจุง ูุณูููุฌ ุฃููุงูุช,ุณูุช ุฏู ุฃููุณููุฏ ุชููุจูุฑุฃููุงูุฏูุฏูููุชููุช ูุงุจูุฑู ุงุช ุฏููุงุฑ ูุงุฌูุง ุฃูููููุง . ููุช ุงููู ุฃุฏ ููููู ูููุงูู,ูููุงุณ ููุณุชุฑูุฏุฃูุณูุฑ ุณูุชุงุดู ูููุฃููู ูุงุจูุฑุฃุณ ููุฑูู ุงูุจุณูู ุฏููุงุฑ ุณูุช ุฃููุช ,ูููุณููุชูุชูุฑ ุฃุฏุงูุจุง ูุณูููุฌ ุฃููุงูุช,ุณูุช ุฏู ุฃููุณููุฏ ุชููุจูุฑุฃููุงูุฏูุฏูููุชููุช ูุงุจูุฑู ุงุช ุฏููุงุฑ ูุงุฌูุง ุฃูููููุง . ููุช ุงููู ุฃุฏ ููููู ูููุงูู,ูููุงุณ ููุณุชุฑูุฏุฃูุณูุฑ ุณูุชุงุดู ูููุฃููู ูุงุจูุฑุฃุณ ููุฑูู ุงูุจุณูู ุฏููุงุฑ ุณูุช ุฃููุช ,ูููุณููุชูุชูุฑ ุฃุฏุงูุจุง ูุณูููุฌ ุฃููุงูุช,ุณูุช ุฏู ุฃููุณููุฏ ุชููุจูุฑุฃููุงูุฏูุฏูููุชููุช ูุงุจูุฑู ุงุช ุฏููุงุฑ ูุงุฌูุง ุฃูููููุง . ููุช ุงููู ุฃุฏ ููููู ูููุงูู,ูููุงุณ ููุณุชุฑูุฏุฃูุณูุฑ ุณูุชุงุดู ูููุฃููู ูุงุจูุฑุฃุณููุฑูู ุงูุจุณูู ุฏููุงุฑ ุณูุช ุฃููุช ,ูููุณููุชูุชูุฑ ุฃุฏุงูุจุง ูุณูููุฌ ุฃููุงูุช,ุณูุช ุฏู ุฃููุณููุฏ ุชููุจูุฑุฃููุงูุฏูุฏูููุชููุช ูุงุจูุฑู ุงุช ุฏููุงุฑ ูุงุฌูุง ุฃูููููุง . ููุช ุงููู ุฃุฏ ููููู ูููุงูู,ูููุงุณ ููุณุชุฑูุฏุฃูุณูุฑ ุณูุชุงุดู ูููุฃููู ูุงุจูุฑุฃุณ</p>\n            <p> ููุฑูู ุงูุจุณูู ุฏููุงุฑ ุณูุช ุฃููุช ,ูููุณููุชูุชูุฑ ุฃุฏุงูุจุง ูุณูููุฌ ุฃููุงูุช,ุณูุช ุฏู ุฃููุณููุฏ ุชููุจูุฑุฃููุงูุฏูุฏูููุชููุช ูุงุจูุฑู ุงุช ุฏููุงุฑ ูุงุฌูุง ุฃูููููุง . ููุช ุงููู ุฃุฏ ููููู ูููุงูู,ูููุงุณ ููุณุชุฑูุฏุฃูุณูุฑ ุณูุชุงุดู ูููุฃููู ูุงุจูุฑุฃุณ ููุฑูู ุงูุจุณูู ุฏููุงุฑ ุณูุช ุฃููุช ,ูููุณููุชูุชูุฑ ุฃุฏุงูุจุง ูุณูููุฌ ุฃููุงูุช,ุณูุช ุฏู ุฃููุณููุฏ ุชููุจูุฑุฃููุงูุฏูุฏูููุชููุช ูุงุจูุฑู ุงุช ุฏููุงุฑ ูุงุฌูุง ุฃูููููุง . ููุช ุงููู ุฃุฏ ููููู ูููุงูู,ูููุงุณ ููุณุชุฑูุฏุฃูุณูุฑ ุณูุชุงุดู ูููุฃููู ูุงุจูุฑุฃุณ ููุฑูู ุงูุจุณูู ุฏููุงุฑ ุณูุช ุฃููุช ,ูููุณููุชูุชูุฑ ุฃุฏุงูุจุง ูุณูููุฌ ุฃููุงูุช,ุณูุช ุฏู ุฃููุณููุฏ ุชููุจูุฑุฃููุงูุฏูุฏูููุชููุช ูุงุจูุฑู ุงุช ุฏููุงุฑ ูุงุฌูุง ุฃูููููุง . ููุช ุงููู ุฃุฏ ููููู ูููุงูู,ูููุงุณ ููุณุชุฑูุฏุฃูุณูุฑ ุณูุชุงุดู ูููุฃููู ูุงุจูุฑุฃุณููุฑูู ุงูุจุณูู ุฏููุงุฑ ุณูุช ุฃููุช ,ูููุณููุชูุชูุฑ ุฃุฏุงูุจุง ูุณูููุฌ ุฃููุงูุช,ุณูุช ุฏู ุฃููุณููุฏ ุชููุจูุฑุฃููุงูุฏูุฏูููุชููุช ูุงุจูุฑู ุงุช ุฏููุงุฑ ูุงุฌูุง ุฃูููููุง . ููุช ุงููู ุฃุฏ ููููู ูููุงูู,ูููุงุณ ููุณุชุฑูุฏุฃูุณูุฑ ุณูุชุงุดู ูููุฃููู ูุงุจูุฑุฃุณ</p>\n            <p> ููุฑูู ุงูุจุณูู ุฏููุงุฑ ุณูุช ุฃููุช ,ูููุณููุชูุชูุฑ ุฃุฏุงูุจุง ูุณูููุฌ ุฃููุงูุช,ุณูุช ุฏู ุฃููุณููุฏ ุชููุจูุฑุฃููุงูุฏูุฏูููุชููุช ูุงุจูุฑู ุงุช ุฏููุงุฑ ูุงุฌูุง ุฃูููููุง . ููุช ุงููู ุฃุฏ ููููู ูููุงูู,ูููุงุณ ููุณุชุฑูุฏุฃูุณูุฑ ุณูุชุงุดู ูููุฃููู ูุงุจูุฑุฃุณ ููุฑูู ุงูุจุณูู ุฏููุงุฑ ุณูุช ุฃููุช ,ูููุณููุชูุชูุฑ ุฃุฏุงูุจุง ูุณูููุฌ ุฃููุงูุช,ุณูุช ุฏู ุฃููุณููุฏ ุชููุจูุฑุฃููุงูุฏูุฏูููุชููุช ูุงุจูุฑู ุงุช ุฏููุงุฑ ูุงุฌูุง ุฃูููููุง . ููุช ุงููู ุฃุฏ ููููู ูููุงูู,ูููุงุณ ููุณุชุฑูุฏุฃูุณูุฑ ุณูุชุงุดู ูููุฃููู ูุงุจูุฑุฃุณ ููุฑูู ุงูุจุณูู ุฏููุงุฑ ุณูุช ุฃููุช ,ูููุณููุชูุชูุฑ ุฃุฏุงูุจุง ูุณูููุฌ ุฃููุงูุช,ุณูุช ุฏู ุฃููุณููุฏ ุชููุจูุฑุฃููุงูุฏูุฏูููุชููุช ูุงุจูุฑู ุงุช ุฏููุงุฑ ูุงุฌูุง ุฃูููููุง . ููุช ุงููู ุฃุฏ ููููู ูููุงูู,ูููุงุณ ููุณุชุฑูุฏุฃูุณูุฑ ุณูุชุงุดู ูููุฃููู ูุงุจูุฑุฃุณููุฑูู ุงูุจุณูู ุฏููุงุฑ ุณูุช ุฃููุช ,ูููุณููุชูุชูุฑ ุฃุฏุงูุจุง ูุณูููุฌ ุฃููุงูุช,ุณูุช ุฏู ุฃููุณููุฏ ุชููุจูุฑุฃููุงูุฏูุฏูููุชููุช ูุงุจูุฑู ุงุช ุฏููุงุฑ ูุงุฌูุง ุฃูููููุง . ููุช ุงููู ุฃุฏ ููููู ูููุงูู,ูููุงุณ ููุณุชุฑูุฏุฃูุณูุฑ ุณูุชุงุดู ูููุฃููู ูุงุจูุฑุฃุณ</p>','2021-11-28',100,1,12,'2022-02-20 20:35:51',NULL),(3,'ุชุฌูุน ูุฌุชูุน ุงูุดุงุจ ุงูุฑูุงุฏู','assets/events/03.jpeg','https://www.youtube.com/embed/2MiTWgoazy0','  <p> ููุฑูู ุงูุจุณูู ุฏููุงุฑ ุณูุช ุฃููุช ,ูููุณููุชูุชูุฑ ุฃุฏุงูุจุง ูุณูููุฌ ุฃููุงูุช,ุณูุช ุฏู ุฃููุณููุฏ ุชููุจูุฑุฃููุงูุฏูุฏูููุชููุช ูุงุจูุฑู ุงุช ุฏููุงุฑ ูุงุฌูุง ุฃูููููุง . ููุช ุงููู ุฃุฏ ููููู ูููุงูู,ูููุงุณ ููุณุชุฑูุฏุฃูุณูุฑ ุณูุชุงุดู ูููุฃููู ูุงุจูุฑุฃุณ ููุฑูู ุงูุจุณูู ุฏููุงุฑ ุณูุช ุฃููุช ,ูููุณููุชูุชูุฑ ุฃุฏุงูุจุง ูุณูููุฌ ุฃููุงูุช,ุณูุช ุฏู ุฃููุณููุฏ ุชููุจูุฑุฃููุงูุฏูุฏูููุชููุช ูุงุจูุฑู ุงุช ุฏููุงุฑ ูุงุฌูุง ุฃูููููุง . ููุช ุงููู ุฃุฏ ููููู ูููุงูู,ูููุงุณ ููุณุชุฑูุฏุฃูุณูุฑ ุณูุชุงุดู ูููุฃููู ูุงุจูุฑุฃุณ ููุฑูู ุงูุจุณูู ุฏููุงุฑ ุณูุช ุฃููุช ,ูููุณููุชูุชูุฑ ุฃุฏุงูุจุง ูุณูููุฌ ุฃููุงูุช,ุณูุช ุฏู ุฃููุณููุฏ ุชููุจูุฑุฃููุงูุฏูุฏูููุชููุช ูุงุจูุฑู ุงุช ุฏููุงุฑ ูุงุฌูุง ุฃูููููุง . ููุช ุงููู ุฃุฏ ููููู ูููุงูู,ูููุงุณ ููุณุชุฑูุฏุฃูุณูุฑ ุณูุชุงุดู ูููุฃููู ูุงุจูุฑุฃุณููุฑูู ุงูุจุณูู ุฏููุงุฑ ุณูุช ุฃููุช ,ูููุณููุชูุชูุฑ ุฃุฏุงูุจุง ูุณูููุฌ ุฃููุงูุช,ุณูุช ุฏู ุฃููุณููุฏ ุชููุจูุฑุฃููุงูุฏูุฏูููุชููุช ูุงุจูุฑู ุงุช ุฏููุงุฑ ูุงุฌูุง ุฃูููููุง . ููุช ุงููู ุฃุฏ ููููู ูููุงูู,ูููุงุณ ููุณุชุฑูุฏุฃูุณูุฑ ุณูุชุงุดู ูููุฃููู ูุงุจูุฑุฃุณ</p>\n            <p> ููุฑูู ุงูุจุณูู ุฏููุงุฑ ุณูุช ุฃููุช ,ูููุณููุชูุชูุฑ ุฃุฏุงูุจุง ูุณูููุฌ ุฃููุงูุช,ุณูุช ุฏู ุฃููุณููุฏ ุชููุจูุฑุฃููุงูุฏูุฏูููุชููุช ูุงุจูุฑู ุงุช ุฏููุงุฑ ูุงุฌูุง ุฃูููููุง . ููุช ุงููู ุฃุฏ ููููู ูููุงูู,ูููุงุณ ููุณุชุฑูุฏุฃูุณูุฑ ุณูุชุงุดู ูููุฃููู ูุงุจูุฑุฃุณ ููุฑูู ุงูุจุณูู ุฏููุงุฑ ุณูุช ุฃููุช ,ูููุณููุชูุชูุฑ ุฃุฏุงูุจุง ูุณูููุฌ ุฃููุงูุช,ุณูุช ุฏู ุฃููุณููุฏ ุชููุจูุฑุฃููุงูุฏูุฏูููุชููุช ูุงุจูุฑู ุงุช ุฏููุงุฑ ูุงุฌูุง ุฃูููููุง . ููุช ุงููู ุฃุฏ ููููู ูููุงูู,ูููุงุณ ููุณุชุฑูุฏุฃูุณูุฑ ุณูุชุงุดู ูููุฃููู ูุงุจูุฑุฃุณ ููุฑูู ุงูุจุณูู ุฏููุงุฑ ุณูุช ุฃููุช ,ูููุณููุชูุชูุฑ ุฃุฏุงูุจุง ูุณูููุฌ ุฃููุงูุช,ุณูุช ุฏู ุฃููุณููุฏ ุชููุจูุฑุฃููุงูุฏูุฏูููุชููุช ูุงุจูุฑู ุงุช ุฏููุงุฑ ูุงุฌูุง ุฃูููููุง . ููุช ุงููู ุฃุฏ ููููู ูููุงูู,ูููุงุณ ููุณุชุฑูุฏุฃูุณูุฑ ุณูุชุงุดู ูููุฃููู ูุงุจูุฑุฃุณููุฑูู ุงูุจุณูู ุฏููุงุฑ ุณูุช ุฃููุช ,ูููุณููุชูุชูุฑ ุฃุฏุงูุจุง ูุณูููุฌ ุฃููุงูุช,ุณูุช ุฏู ุฃููุณููุฏ ุชููุจูุฑุฃููุงูุฏูุฏูููุชููุช ูุงุจูุฑู ุงุช ุฏููุงุฑ ูุงุฌูุง ุฃูููููุง . ููุช ุงููู ุฃุฏ ููููู ูููุงูู,ูููุงุณ ููุณุชุฑูุฏุฃูุณูุฑ ุณูุชุงุดู ูููุฃููู ูุงุจูุฑุฃุณ</p>\n            <p> ููุฑูู ุงูุจุณูู ุฏููุงุฑ ุณูุช ุฃููุช ,ูููุณููุชูุชูุฑ ุฃุฏุงูุจุง ูุณูููุฌ ุฃููุงูุช,ุณูุช ุฏู ุฃููุณููุฏ ุชููุจูุฑุฃููุงูุฏูุฏูููุชููุช ูุงุจูุฑู ุงุช ุฏููุงุฑ ูุงุฌูุง ุฃูููููุง . ููุช ุงููู ุฃุฏ ููููู ูููุงูู,ูููุงุณ ููุณุชุฑูุฏุฃูุณูุฑ ุณูุชุงุดู ูููุฃููู ูุงุจูุฑุฃุณ ููุฑูู ุงูุจุณูู ุฏููุงุฑ ุณูุช ุฃููุช ,ูููุณููุชูุชูุฑ ุฃุฏุงูุจุง ูุณูููุฌ ุฃููุงูุช,ุณูุช ุฏู ุฃููุณููุฏ ุชููุจูุฑุฃููุงูุฏูุฏูููุชููุช ูุงุจูุฑู ุงุช ุฏููุงุฑ ูุงุฌูุง ุฃูููููุง . ููุช ุงููู ุฃุฏ ููููู ูููุงูู,ูููุงุณ ููุณุชุฑูุฏุฃูุณูุฑ ุณูุชุงุดู ูููุฃููู ูุงุจูุฑุฃุณ ููุฑูู ุงูุจุณูู ุฏููุงุฑ ุณูุช ุฃููุช ,ูููุณููุชูุชูุฑ ุฃุฏุงูุจุง ูุณูููุฌ ุฃููุงูุช,ุณูุช ุฏู ุฃููุณููุฏ ุชููุจูุฑุฃููุงูุฏูุฏูููุชููุช ูุงุจูุฑู ุงุช ุฏููุงุฑ ูุงุฌูุง ุฃูููููุง . ููุช ุงููู ุฃุฏ ููููู ูููุงูู,ูููุงุณ ููุณุชุฑูุฏุฃูุณูุฑ ุณูุชุงุดู ูููุฃููู ูุงุจูุฑุฃุณููุฑูู ุงูุจุณูู ุฏููุงุฑ ุณูุช ุฃููุช ,ูููุณููุชูุชูุฑ ุฃุฏุงูุจุง ูุณูููุฌ ุฃููุงูุช,ุณูุช ุฏู ุฃููุณููุฏ ุชููุจูุฑุฃููุงูุฏูุฏูููุชููุช ูุงุจูุฑู ุงุช ุฏููุงุฑ ูุงุฌูุง ุฃูููููุง . ููุช ุงููู ุฃุฏ ููููู ูููุงูู,ูููุงุณ ููุณุชุฑูุฏุฃูุณูุฑ ุณูุชุงุดู ูููุฃููู ูุงุจูุฑุฃุณ</p>','2021-11-27',55,1,13,'2022-02-20 20:35:51',NULL),(4,'ุดุจูุฉ ุงุนูุงู ุชูููุฐูุฉ','assets/events/04.png','https://www.youtube.com/embed/2MiTWgoazy0','  <p> ููุฑูู ุงูุจุณูู ุฏููุงุฑ ุณูุช ุฃููุช ,ูููุณููุชูุชูุฑ ุฃุฏุงูุจุง ูุณูููุฌ ุฃููุงูุช,ุณูุช ุฏู ุฃููุณููุฏ ุชููุจูุฑุฃููุงูุฏูุฏูููุชููุช ูุงุจูุฑู ุงุช ุฏููุงุฑ ูุงุฌูุง ุฃูููููุง . ููุช ุงููู ุฃุฏ ููููู ูููุงูู,ูููุงุณ ููุณุชุฑูุฏุฃูุณูุฑ ุณูุชุงุดู ูููุฃููู ูุงุจูุฑุฃุณ ููุฑูู ุงูุจุณูู ุฏููุงุฑ ุณูุช ุฃููุช ,ูููุณููุชูุชูุฑ ุฃุฏุงูุจุง ูุณูููุฌ ุฃููุงูุช,ุณูุช ุฏู ุฃููุณููุฏ ุชููุจูุฑุฃููุงูุฏูุฏูููุชููุช ูุงุจูุฑู ุงุช ุฏููุงุฑ ูุงุฌูุง ุฃูููููุง . ููุช ุงููู ุฃุฏ ููููู ูููุงูู,ูููุงุณ ููุณุชุฑูุฏุฃูุณูุฑ ุณูุชุงุดู ูููุฃููู ูุงุจูุฑุฃุณ ููุฑูู ุงูุจุณูู ุฏููุงุฑ ุณูุช ุฃููุช ,ูููุณููุชูุชูุฑ ุฃุฏุงูุจุง ูุณูููุฌ ุฃููุงูุช,ุณูุช ุฏู ุฃููุณููุฏ ุชููุจูุฑุฃููุงูุฏูุฏูููุชููุช ูุงุจูุฑู ุงุช ุฏููุงุฑ ูุงุฌูุง ุฃูููููุง . ููุช ุงููู ุฃุฏ ููููู ูููุงูู,ูููุงุณ ููุณุชุฑูุฏุฃูุณูุฑ ุณูุชุงุดู ูููุฃููู ูุงุจูุฑุฃุณููุฑูู ุงูุจุณูู ุฏููุงุฑ ุณูุช ุฃููุช ,ูููุณููุชูุชูุฑ ุฃุฏุงูุจุง ูุณูููุฌ ุฃููุงูุช,ุณูุช ุฏู ุฃููุณููุฏ ุชููุจูุฑุฃููุงูุฏูุฏูููุชููุช ูุงุจูุฑู ุงุช ุฏููุงุฑ ูุงุฌูุง ุฃูููููุง . ููุช ุงููู ุฃุฏ ููููู ูููุงูู,ูููุงุณ ููุณุชุฑูุฏุฃูุณูุฑ ุณูุชุงุดู ูููุฃููู ูุงุจูุฑุฃุณ</p>\n            <p> ููุฑูู ุงูุจุณูู ุฏููุงุฑ ุณูุช ุฃููุช ,ูููุณููุชูุชูุฑ ุฃุฏุงูุจุง ูุณูููุฌ ุฃููุงูุช,ุณูุช ุฏู ุฃููุณููุฏ ุชููุจูุฑุฃููุงูุฏูุฏูููุชููุช ูุงุจูุฑู ุงุช ุฏููุงุฑ ูุงุฌูุง ุฃูููููุง . ููุช ุงููู ุฃุฏ ููููู ูููุงูู,ูููุงุณ ููุณุชุฑูุฏุฃูุณูุฑ ุณูุชุงุดู ูููุฃููู ูุงุจูุฑุฃุณ ููุฑูู ุงูุจุณูู ุฏููุงุฑ ุณูุช ุฃููุช ,ูููุณููุชูุชูุฑ ุฃุฏุงูุจุง ูุณูููุฌ ุฃููุงูุช,ุณูุช ุฏู ุฃููุณููุฏ ุชููุจูุฑุฃููุงูุฏูุฏูููุชููุช ูุงุจูุฑู ุงุช ุฏููุงุฑ ูุงุฌูุง ุฃูููููุง . ููุช ุงููู ุฃุฏ ููููู ูููุงูู,ูููุงุณ ููุณุชุฑูุฏุฃูุณูุฑ ุณูุชุงุดู ูููุฃููู ูุงุจูุฑุฃุณ ููุฑูู ุงูุจุณูู ุฏููุงุฑ ุณูุช ุฃููุช ,ูููุณููุชูุชูุฑ ุฃุฏุงูุจุง ูุณูููุฌ ุฃููุงูุช,ุณูุช ุฏู ุฃููุณููุฏ ุชููุจูุฑุฃููุงูุฏูุฏูููุชููุช ูุงุจูุฑู ุงุช ุฏููุงุฑ ูุงุฌูุง ุฃูููููุง . ููุช ุงููู ุฃุฏ ููููู ูููุงูู,ูููุงุณ ููุณุชุฑูุฏุฃูุณูุฑ ุณูุชุงุดู ูููุฃููู ูุงุจูุฑุฃุณููุฑูู ุงูุจุณูู ุฏููุงุฑ ุณูุช ุฃููุช ,ูููุณููุชูุชูุฑ ุฃุฏุงูุจุง ูุณูููุฌ ุฃููุงูุช,ุณูุช ุฏู ุฃููุณููุฏ ุชููุจูุฑุฃููุงูุฏูุฏูููุชููุช ูุงุจูุฑู ุงุช ุฏููุงุฑ ูุงุฌูุง ุฃูููููุง . ููุช ุงููู ุฃุฏ ููููู ูููุงูู,ูููุงุณ ููุณุชุฑูุฏุฃูุณูุฑ ุณูุชุงุดู ูููุฃููู ูุงุจูุฑุฃุณ</p>\n            <p> ููุฑูู ุงูุจุณูู ุฏููุงุฑ ุณูุช ุฃููุช ,ูููุณููุชูุชูุฑ ุฃุฏุงูุจุง ูุณูููุฌ ุฃููุงูุช,ุณูุช ุฏู ุฃููุณููุฏ ุชููุจูุฑุฃููุงูุฏูุฏูููุชููุช ูุงุจูุฑู ุงุช ุฏููุงุฑ ูุงุฌูุง ุฃูููููุง . ููุช ุงููู ุฃุฏ ููููู ูููุงูู,ูููุงุณ ููุณุชุฑูุฏุฃูุณูุฑ ุณูุชุงุดู ูููุฃููู ูุงุจูุฑุฃุณ ููุฑูู ุงูุจุณูู ุฏููุงุฑ ุณูุช ุฃููุช ,ูููุณููุชูุชูุฑ ุฃุฏุงูุจุง ูุณูููุฌ ุฃููุงูุช,ุณูุช ุฏู ุฃููุณููุฏ ุชููุจูุฑุฃููุงูุฏูุฏูููุชููุช ูุงุจูุฑู ุงุช ุฏููุงุฑ ูุงุฌูุง ุฃูููููุง . ููุช ุงููู ุฃุฏ ููููู ูููุงูู,ูููุงุณ ููุณุชุฑูุฏุฃูุณูุฑ ุณูุชุงุดู ูููุฃููู ูุงุจูุฑุฃุณ ููุฑูู ุงูุจุณูู ุฏููุงุฑ ุณูุช ุฃููุช ,ูููุณููุชูุชูุฑ ุฃุฏุงูุจุง ูุณูููุฌ ุฃููุงูุช,ุณูุช ุฏู ุฃููุณููุฏ ุชููุจูุฑุฃููุงูุฏูุฏูููุชููุช ูุงุจูุฑู ุงุช ุฏููุงุฑ ูุงุฌูุง ุฃูููููุง . ููุช ุงููู ุฃุฏ ููููู ูููุงูู,ูููุงุณ ููุณุชุฑูุฏุฃูุณูุฑ ุณูุชุงุดู ูููุฃููู ูุงุจูุฑุฃุณููุฑูู ุงูุจุณูู ุฏููุงุฑ ุณูุช ุฃููุช ,ูููุณููุชูุชูุฑ ุฃุฏุงูุจุง ูุณูููุฌ ุฃููุงูุช,ุณูุช ุฏู ุฃููุณููุฏ ุชููุจูุฑุฃููุงูุฏูุฏูููุชููุช ูุงุจูุฑู ุงุช ุฏููุงุฑ ูุงุฌูุง ุฃูููููุง . ููุช ุงููู ุฃุฏ ููููู ูููุงูู,ูููุงุณ ููุณุชุฑูุฏุฃูุณูุฑ ุณูุชุงุดู ูููุฃููู ูุงุจูุฑุฃุณ</p>','2021-11-18',55,1,14,'2022-02-20 20:35:51',NULL);
/*!40000 ALTER TABLE `events` ENABLE KEYS */;
UNLOCK TABLES;

--
-- Table structure for table `features`
--

DROP TABLE IF EXISTS `features`;
/*!40101 SET @saved_cs_client     = @@character_set_client */;
/*!50503 SET character_set_client = utf8mb4 */;
CREATE TABLE `features` (
  `id` int NOT NULL AUTO_INCREMENT,
  `name` varchar(250) COLLATE utf8mb4_unicode_ci DEFAULT NULL,
  `breif` text COLLATE utf8mb4_unicode_ci,
  `level` tinyint DEFAULT NULL,
  PRIMARY KEY (`id`)
) ENGINE=InnoDB AUTO_INCREMENT=41 DEFAULT CHARSET=utf8mb4 COLLATE=utf8mb4_unicode_ci;
/*!40101 SET character_set_client = @saved_cs_client */;

--
-- Dumping data for table `features`
--

LOCK TABLES `features` WRITE;
/*!40000 ALTER TABLE `features` DISABLE KEYS */;
INSERT INTO `features` VALUES (1,'ูุฌุชูุน ุชูุงุนูู','ููุตุฉ ุชูุงุนููุฉ ุฑูููุฉ ุจูู ุงูุฃุนุถุงุก ุงูููุชููู ููุนุถููุฉ ูุงุณุชูุงุฏุฉ ูู ุงูุฎุจุฑุงุช ูุงูุชุฌุงุฑุจ',0),(2,'ุงูุงุชุตุงูุงุช ุงูุชูููุฐูุฉ','ุงูุงูุชูุงุก ูุงูุชูุงุตู ุจูู ุงูุฃุนุถุงุก ูุชุจุงุฏู ุงููุนุงุฑู ูุงูุฎุจุฑุงุช ูููุงูุดุฉ ุงูุชุญุฏูุงุช ',0),(3,'ูุฏููุฉ ุงูุงุนูุงู','ุงููุงููุฉ ุงููุตูู ุงูู ุงููุญุชูู ุงููุตู ุงูุฑููู ุงููููุฒ ูู ูุฌุงูุงุช ุงูุฅุฏุงุฑุฉ ูุชูููุฉ ุงููุนูููุงุช',0),(4,'ุชูููุฒ ุงูุนุถู','ุชูููุฒ ุงูุนุถู ุจุนุฑุถ ุจูุงูุงุชู ุนูู ุงูููุตุฉ ุจุญุณุจ ูุฆุฉ ุงูุนุถููุฉ ุงูููุชูู ุงูููุง',0),(5,'ุดูุงุฏุงุช ุญุถูุฑ','ููุญ ุดูุงุฏุงุช ุญุถูุฑ ุงููุนุงููุงุช ูุนุชูุฏุฉ ูู Business Pro ุจุฑูู ุชุณูุณูู ููุซู ูููุฑุฌุนูุฉ',0),(6,' ุนุถููุฉ ุงููุชุฑูููุฉ','ุฅุตุฏุงุฑ ุจุทุงูุฉ ุนุถููุฉ ุงููุชุฑูููุฉ ูููุดุชุฑู ุนุจุฑ ุงูููุตุฉ ููุซูุฉ ุจุฑูู ุชุณูุณูู ูุน ูุชุงุจุฉ ุงูุงุณู ุจุงููุบุชูู ( ุน - E ) ููุนุถู ุจุดูู ุชููุงุฆู',0),(7,'ุนุถููุฉ ูุทุจูุนุฉ','ุฅุตุฏุงุฑ ุจุทุงูุฉ ุนุถููุฉ ูุทุจูุนุฉ ุจุฑุณูู ูุฎูุถุฉ ููุนุถู ุนูุฏ ุงูุทูุจ ููุซูุฉ ุจุฑูู ุชุณูุณูู ูุน ูุชุงุจุฉ ุงูุงุณู ุจุงููุบุชูู ( ุน - E )',0),(8,'ุดุจูุฉ ุชูุงุตู',' ุงูุงูุชูุงุก ูุงูุชูุงุตู ุจูุฌุชูุน ุฃุนุถุงุก ุงูุดุงุจ ุงูุฑูุงุฏู ูุชูููู ุนูุงูุงุช ูููุฉ ุชุณุงูู ูู ููู ุฃุนูุงูู',0),(9,'ุจุฑุงูุฌ ููุนูุฉ','ุชูุฏูู ุจุฑุงูุฌ ูููุงุกุงุช ููุนูุฉ ุฎูุงู ูุฏุฉ ุฒูููุฉ ุณูููุงู ุชุณุงูู ูู ุชุฃุณูุณ ูุชุทููุฑ ูุงุทูุงู ุงููุดุงุฑูุน ุจุฎุตููุงุช ูุญุฏุฏุฉ ุญุณุจ ูู ุนุถููุฉ',0),(10,'ูุฑุด ุนูู','ูุฑุด ุนูู ุชุทุจูููุฉ ุชุณุงูู ูู ุชูููุฉ ููุงุฑุงุช ุงูุงุนูุงู ูุฏู ุงูุงุนุถุงุก ุจุฃุณุนุงุฑ ุฑูุฒูุฉ',0),(11,'ุงููุญุชูู ุงูุฑููู','ุงูุงุทูุงุน ุนูู ุงููุญุชูู (ุงููุตู - ุงููุฑุฆู - ุงูุตูุชู ) ุงูุฎุงุต ุจุงููููุตุฉ ููุงุชุฌุงูุงุช  ุงูุญุงููุฉ ูุงูุฅุณุชุฑุงุชูุฌูุงุช ุงููุณุชูุจููุฉ ูู ูุฌุงู ุงููุงู ูุงูุงุนูุงู',0),(12,'ุงููุนุงููุงุช ุงูุงูุชุฑุงุถูุฉ','ุญุถูุฑ ูุฏูุงุช ูููุงุกุงุช ุงูุชุฑุงุถูุฉ ุชุณุงูู ูู ุฒูุงุฏุฉ ุงููุนู ุจุฃูู ุงูููุงุถูุน ูู ุฑูุงุฏุฉ ุงูุงุนูุงู',0),(13,'ุฌูุณุงุช ุงุณุชุดุงุฑูุฉ','ุฌูุณุงุช ุงุณุชุดุงุฑูุฉ ุฏูุฑูุฉ ( ุงูุชุฑุงุถูุฉ - ุญุถูุฑูุฉ ) ุชุณุงุนุฏ ุงูุฃุนุถุงุก ุนูู ุญู ูุดุงูููู ุงูุชุฌุงุฑูุฉ ูุฌุงููุฉ ู ุจุฑุณูู ูุฎูุถุฉ',0),(14,'ูุนุณูุฑุงุช ุฎุงุฑุฌูุฉ','ูุนุณูุฑุงุช ุชุทุจูููุฉ ุจูุงุนุงุช ููุฏููุฉ ุฑุงููุฉ ุชูุฏู ุจุฃุณุนุงุฑ ุฑูุฒูุฉ ุญุณุจ ููุน ุงูุนุถููุฉ ุชุณุงุนุฏ ุงูุฃุนุถุงุก ูู ุชุฃุณูุณ ูุชุทููุฑ ูููู ูุดุงุฑูุนูู',0),(15,'ููุงุท ููุชุณุจุฉ','ููุญ ููุงุท ููุชุณุจุฉ ูุงูุชุณุงุจ ุฎุตูููุงุช ุนูู ุงูุฎุฏูุงุช ุงูููุฏูุฉ ูู ููุตุฉ ุงูุดุงุจ ุงูุฑูุงุฏู ุงู ูุน ุงุญุฏ ุดุฑูุงุฆูุง',0),(16,'ูุดุฑุฉ ุงุนูุงู','ูุดุฑุฉ ุงุนูุงู ุฏูุฑูุฉ ุชุญุชูู ุนูู ุงูู ุงููุนุงุฑู ูุงูุฎุจุฑุงุช ูุนุฑุถ ุงููุดุงุฑูุน ุงููุงุฌุญุฉ ูู ูุฌุงู ุฑูุงุฏุฉ ุงูุงุนูุงู',1),(17,'ูุชุงุจุฉ ููุงูุงุช','ุชูููู ุงูุนุถู ูู ูุชุงุจุฉ ูุญุชูู ูุตู ุนุจุฑ ูุฏููุฉ ุงูุงุนูุงู ุงูุฑูููุฉ ูุน ุงุธูุงุฑ ุงุณู ูุตูุฑุฉ ุงูุนุถู ุญุณุจ ุงูุณูุงุณุงุช ูุงูุดุฑูุท',1),(18,'ุงูุนูุงูุงุช ุงูุงูุชุฑุงุถูุฉ',' ุงูุชูุงุตู ุงููุงุฏู ูุงูุญุตุฑู ูุน ูุฌุชูุน ุงููุงู ูุงูุงุนูุงู ุงูุชุฑุงุถูุงู',1),(19,'ุฌูุณุฉ ููุงุดุงุช',' ุฌูุณุฉ ุนุตู ุฐููู ูููุงูุดุฉ ุงููุถุงูุง ูุงููุดุงูู ููุฎุฑูุฌ ุจุชูุตูุงุช ุงุตูุงุญูุฉ ููุทุงุน ุงููุงู ูุงูุงุนูุงู',1),(20,'ููุงุฐุฌ ุนูู','ุงูุญุตูู ุนูู ููุงุฐุฌ ุนูู ุชุทุจูููุฉ ุชุณุงุนุฏ ูู ุจูุงุก ูุชุทููุฑ ูุชุฃุณูุณ ุงููุดุงุฑูุน ุงูุตุบูุฑุฉ ูุงููุชูุณุทุฉ',1),(21,'ุฑุญูุฉ ุจุฒูุณ','ุฑุญูุฉ ูุฃูู ุงูููุงุทู ุงูุชุฌุงุฑูุฉ ุงููุญููุฉ ูุงูุฅูููููุฉ ูุงูุนุงูููุฉ ูุชุจุงุฏู ุงูุฎุจุฑุงุช ูุงูุชุณุงุจ ุงูุชุฌุงุฑุจ ุจุฑุณูู ูุฎูุถุฉ',1),(22,'ุฎุทุท ูุฏุฑุงุณุงุช','ุนูู ูุชุตููู ุงูุฎุทุท ูุงูุฏุฑุงุณุงุช ูููุดุงุฑูุน ุจุฑุณูู ูุฎูุถุฉ',1),(23,'ุงูููุชูู ุงูุณููู','ุญุถูุฑ ุงูููุชูู ุงูุณููู ูุฑูุงุฏุฉ ุงูุงุนูุงู ุจูู ุงูุฃุนุถุงุก ูุชูููู ุงูุดุฑุงูุงุช ุงูุงุณุชุฑุงุชูุฌูุฉ ูุชุจุงุฏู ุงููุนุงุฑู ูุงูุฎุจุฑุงุช ุจุฃุณุนุงุฑ ุฑูุฒูุฉ',1),(24,'ุงูุฏุนูุงุช ุงูุฎุงุตุฉ','ุฏุนูุฉ ุงูุนุถู ุจุดูู ุฎุงุต ูุญุถูุฑ ุจุนุถ ูุนุงููุงุชูุง ุงูุฎุงุตุฉ  ุงู ูุนุงููุงุช ุดุฑูุงุฆูุง ุงูุฎุงุตุฉ',1),(25,'ุงูุดุจูุฉ ุงูุชูููุฐูุฉ','ุดุจูุฉ ุงุนูุงู ุชูููุฐูุฉ ุชุณุงูู ูู ุชูููู ุดุฑุงูุงุช ูุชุญุงููุงุช ูุงุณุชุซูุงุฑุงุช ุงุณุชุฑุงุชูุฌูุฉ ุจูู ุงูุฃุนุถุงุก ูุฑูุงุฏ ุงูุฃุนูุงู ูู ุฎูุงู ุชุฌูุนุงุช ุฏูุฑูุฉ',2),(26,'ุงูููุชููุงุช ูุงููุคุชูุฑุงุช','ููุชููุงุช ููุคุชูุฑุงุช ุจุฃุณุนุงุฑ ุฑูุฒูุฉ ูููุณุงููุฉ ูู ุฒูุงุฏุฉ ุงููุนู ูุชุจุงุฏู ุงูุฎุจุฑุงุช ูุงูุชูุงุตู ูุน ูุฌุชูุน ุงููุงู ูุงูุงุนูุงู',2),(27,'ุนุฑุถ ุงููุดุงุฑูุน','ุนุฑุถ ูุดุงุฑูุน ุงูุฃุนุถุงุก ูู ุตูุญุฉ ูุณุชููุฉ ุจุงูููุตุฉ ุจูุฏู ุนูุฏ ุดุฑุงูุงุช ูุชุญุงููุงุช ูุงุณุชุซูุงุฑ ูุน ูุงุฏุฉ ุงููุงู ูุงูุงุนูุงู',2),(28,'ููุงุกุงุช ุงูุชูููุฐููู','ููุงุก ูุน ุงูุฑุคุณุงุก ุงูุชูููุฐููู ูู ูุทุงุน ุงููุงู ูุงูุงุนูุงู ูุนุฑุถ ุงูุชุฌุงุฑุจ ูุงููุฑุต ูุฑูุงุฏ ุงูุงุนูุงู',2),(29,'ููุงุกุงุช Vip','ููุงุกุงุช VIP ุฎุงุตุฉ ูุน ูุงุฏุฉ ุงููุงู ูุงูุงุนูุงู',2),(30,'ุงุจุฑุงุฒ ุงููุดุงุฑูุน','ุงุจุฑุงุฒ ูุชูุซูู ุงููุดุฑูุน ุงูููุชูู ุงูุจูุงูุงุช ูู ุงูุตูุญุฉ ุงูุฑุฆูุณูุฉ ููููุตุฉ ูุญุณุงุจุงุช ุงูุดุงุจ ุงูุฑูุงุฏู ุจูุณุงุฆู ุงูุชูุงุตู ุงูุงุฌุชูุงุนู',2),(31,'ุฒูุงุฑุฉ ุงููุดุงุฑูุน','ุฒูุงุฑุงุช ูููุดุงุฑูุน ุนูู ุฃุฑุถ ุงููุงูุน ููุฎุฑูุฌ ุจุชูุตูุงุช ูููุฉ ุชุณุงูู ูู ููู ูุงุณุชุฏุงูุฉ ุงููุดุฑูุน ุจุฑุณูู ูุฎูุถุฉ ',2),(32,'ุชูููู ุงููููุฉ ุงูุณูููุฉ','ุญุณุงุจ ุงููููุฉ ุงูุณูููุฉ ูููุดุฑูุน ุจูุง ููุซู ุงููููุฉ ุงูุณูููุฉ ุงููุงุจูุฉ ููุงุณุชุซูุงุฑ ุนูุฏ ุฏุฎูู ุงูุฌููุงุช ูุงูููุชููุงุช ุงูุงุณุชุซูุงุฑูุฉ ุจุฑุณูู ูุฎูุถุฉ',2),(33,'ุดูุงุฏุฉ ุนุถููุฉ','ููุญ ุดูุงุฏุฉ ุนุถููุฉ ุงููุชุฑูููุฉ ูุนุชูุฏุฉ ูู ุจุฑูู ุชุณูุณูู ููุซู ูููุฑุฌุนูุฉ Business Pro ',2),(34,'ุงูุฑุนุงูุงุช ูุงูุดุฑุงูุงุช','ุฅุชุงุญุฉ ุงููุฑุตุฉ ููุชูุงุฌุฏ ( ุฑุงุนู ุงู ุดุฑูู ) ูู ุงููุนุงููุงุช ุงูููุงูุฉ ุจูุฏู ุงูุชุณููู ุจุญุณุจ ุงูุณูุงุณุงุช ูุงูุดุฑูุท',2),(35,'ุงููุนุงุฑุถ ูุงููุคุชูุฑุงุช','ุงุชุงุญุฉ ุงููุดุงุฑูุฉ ูุงูุชูุงุฌุฏ ูููุดุงุฑูุน ูู ูุนุงุฑุถ ุฑูุงุฏุฉ ุงูุงุนูุงู ูุงููุนุงุฑุถ ุงููุตุงุญุจุฉ ูุงููุคุชูุฑุงุช ูุงูููุชููุงุช ุญุณุจ ุงูุณูุงุณุงุช ูุงูุดุฑูุท',2),(36,'ุงูุงุณุชุซูุงุฑ','ุชุฑุดูุญ ูุฏุฎูู ุงููุดุฑูุน ููุฌููุงุช ุงูุงุณุชุซูุงุฑูุฉ ูุงูููุชูู ุงูุงุณุชุซูุงุฑู ุญุณุจ ุงูุณูุงุณุงุช ูุงูุดุฑูุท',2),(37,'ุงูููุงุกุงุช ุงูุฅุนูุงููุฉ','ูุฑุตุฉ ุงูุธููุฑ ูู ููุงุก ุงุนูุงูู ุชุนุฑููู ุนู ุงูุนุถู ููุดุฑูุนู ุงูููุชูู ุจุงูููุตุฉ ุนุจุฑ ูุณุงุฆู ุงูููุตุฉ ุงููุนุชูุฏุฉ',2),(38,'ุดูุงุฏุฉ ูุดุฑูุน','ุดูุงุฏุฉ ุชุฑุดุญ ูุดุฑูุน ููุตูุงุฏูู ุงูุงุณุชุซูุงุฑูุฉ ูุงูุฌูุงุช ุงูุชูููููุฉ ุญุณุจ ุงูุณูุงุณุงุช ูุงูุดุฑูุท ุงููุนุชูุฏุฉ',2),(39,'ุจุฑูุด ุงูุชููุฒ',' ููุญ ุจุฑูุด ุงูุดุงุจ ุงูุฑูุงุฏู ูููุงุฆุฒูู ุจุงูุฌุงุฆุฒุฉ ุงูุณูููุฉ ู ูู ูุฑู ูุฌูุณ ุงูุฌุงุฆุฒุฉ ููุญู ุชูุฏูุฑุงู ูุฌููุฏู',2),(40,'ุงูุฌุงุฆุฒุฉ ุงูููุฏูุฉ','ุฌุงุฆุฒุฉ ููุฏูุฉ ุณูููุฉ  ุชููุญ ูุฃุตุญุงุจ ุงููุดุงุฑูุน ุงููุงุฆุฒุฉ ุญุณุจ ุงูุณูุงุณุงุช ูุงูุดุฑูุท',2);
/*!40000 ALTER TABLE `features` ENABLE KEYS */;
UNLOCK TABLES;

--
-- Table structure for table `msgs`
--

DROP TABLE IF EXISTS `msgs`;
/*!40101 SET @saved_cs_client     = @@character_set_client */;
/*!50503 SET character_set_client = utf8mb4 */;
CREATE TABLE `msgs` (
  `id` int NOT NULL AUTO_INCREMENT,
  `from_id` int DEFAULT NULL,
  `to_id` int DEFAULT NULL,
  `breif` text COLLATE utf8mb4_unicode_ci,
  `seen` datetime DEFAULT NULL,
  PRIMARY KEY (`id`),
  KEY `fk_msg_from` (`from_id`),
  KEY `fk_msg_to` (`to_id`),
  CONSTRAINT `fk_msg_from` FOREIGN KEY (`from_id`) REFERENCES `users` (`id`) ON DELETE CASCADE ON UPDATE CASCADE,
  CONSTRAINT `fk_msg_to` FOREIGN KEY (`to_id`) REFERENCES `users` (`id`) ON DELETE CASCADE ON UPDATE CASCADE
) ENGINE=InnoDB DEFAULT CHARSET=utf8mb4 COLLATE=utf8mb4_unicode_ci;
/*!40101 SET character_set_client = @saved_cs_client */;

--
-- Dumping data for table `msgs`
--

LOCK TABLES `msgs` WRITE;
/*!40000 ALTER TABLE `msgs` DISABLE KEYS */;
/*!40000 ALTER TABLE `msgs` ENABLE KEYS */;
UNLOCK TABLES;

--
-- Table structure for table `projects`
--

DROP TABLE IF EXISTS `projects`;
/*!40101 SET @saved_cs_client     = @@character_set_client */;
/*!50503 SET character_set_client = utf8mb4 */;
CREATE TABLE `projects` (
  `id` int NOT NULL AUTO_INCREMENT,
  `user_id` int DEFAULT NULL,
  `category_id` int DEFAULT NULL,
  `city_id` int DEFAULT NULL,
  `title` varchar(250) COLLATE utf8mb4_unicode_ci DEFAULT NULL,
  `logo` varchar(250) COLLATE utf8mb4_unicode_ci DEFAULT NULL,
  `img` varchar(250) COLLATE utf8mb4_unicode_ci DEFAULT NULL,
  `fund` float DEFAULT NULL,
  `status` varchar(100) COLLATE utf8mb4_unicode_ci DEFAULT NULL,
  `breif` text COLLATE utf8mb4_unicode_ci,
  `imgs` text COLLATE utf8mb4_unicode_ci,
  `location` text COLLATE utf8mb4_unicode_ci,
  `phone` varchar(250) COLLATE utf8mb4_unicode_ci DEFAULT NULL,
  `file` varchar(250) COLLATE utf8mb4_unicode_ci DEFAULT NULL,
  `email` varchar(250) COLLATE utf8mb4_unicode_ci DEFAULT NULL,
  `featured` tinyint(1) DEFAULT '0',
  `created_at` datetime DEFAULT CURRENT_TIMESTAMP,
  `deleted_at` datetime DEFAULT NULL,
  `website` varchar(250) COLLATE utf8mb4_unicode_ci DEFAULT NULL,
  `instagram` varchar(250) COLLATE utf8mb4_unicode_ci DEFAULT NULL,
  `twitter` varchar(250) COLLATE utf8mb4_unicode_ci DEFAULT NULL,
  PRIMARY KEY (`id`),
  KEY `fk_project_user` (`user_id`),
  KEY `fk_project_category` (`category_id`),
  KEY `fk_project_city` (`city_id`),
  CONSTRAINT `fk_project_category` FOREIGN KEY (`category_id`) REFERENCES `categories` (`id`) ON DELETE RESTRICT ON UPDATE RESTRICT,
  CONSTRAINT `fk_project_city` FOREIGN KEY (`city_id`) REFERENCES `cities` (`id`) ON DELETE RESTRICT ON UPDATE RESTRICT,
  CONSTRAINT `fk_project_user` FOREIGN KEY (`user_id`) REFERENCES `users` (`id`) ON DELETE RESTRICT ON UPDATE RESTRICT
) ENGINE=InnoDB AUTO_INCREMENT=5 DEFAULT CHARSET=utf8mb4 COLLATE=utf8mb4_unicode_ci;
/*!40101 SET character_set_client = @saved_cs_client */;

--
-- Dumping data for table `projects`
--

LOCK TABLES `projects` WRITE;
/*!40000 ALTER TABLE `projects` DISABLE KEYS */;
INSERT INTO `projects` VALUES (1,3,6,1,'ุชุชุจุน ุงูุดุญูุงุช ุนุจุฑ ุงูุฅูุชุฑูุช','assets/projects/01-logo.jpg','assets/projects/01.jpg',3000,'ูุงุฆู','ููู ููุฑุฉ ุดุฑูุฉ Flexport ุงููููุฒุฉ ูู ููููุง ุดุฑูุฉ ุดุญู ููุณูุท ุฌูุฑูู ุงูุชุฑุงุถูุ ุณูุญุช ูุฐู ุงูุดุฑูุฉ ููุนููุงุก ุจุชุชุจุน ุดุญูุงุชูู ุนุจุฑ ุงูุฅูุชุฑูุช ูู ุงูููุช ุงููุนููุ ููู ููููู ุฌุฏูุฏ ุชูุงููุง ููุฐู ุงูุตูุงุนุฉุ ูุณุชุฎุฏู ุงูุขูุงู ูู ุงูุชุฌุงุฑ ูู ุฃูุงุฒูู ุงูุดุฑูุฉ ุงููุงุดุฆุฉ ูููู ุจุถุงุฆุนููุ ูุซู: Warby Parker ูุตุงูุน ุงูุฃุญุฐูุฉ Allbirds ูุจุดูู ุนุงูุ ุชููู ุงูุดุฑูุฉ ุจุชุชุจุน ุนูููุฉ ููู ุญูุงูู 100.000 ุญุงููุฉ ุดุญู ูู ุนุงูุ','assets/projects/01.jpg,assets/projects/02.jpg,assets/projects/03.jpg','https://www.google.com/maps/embed?pb=!1m14!1m8!1m3!1d7245.237072462584!2d46.738586!3d24.774265!3m2!1i1024!2i768!4f13.1!3m3!1m2!1s0x0%3A0x0!2zMjTCsDQ2JzI3LjQiTiA0NsKwNDQnMTguOSJF!5e0!3m2!1sen!2sus!4v1636582363311!5m2!1sen!2sus','0546617666','assets/projects/pr.pdf','inadhmi@gmail.com',1,'2022-02-20 20:35:51',NULL,NULL,NULL,NULL),(2,4,6,1,'ุงูุชุณููู ููุชุทุจููุงุช ุงูุฐููุฉ','assets/projects/02-logo.jpg','assets/projects/02.jpg',7000,'ูุชุนุซุฑ','ุชููู ุดุฑูุฉ Liftoff  ุนูู ููุฑุฉ ุงูุชุณููู ูุชุทุจููุงุช ุงูููุงุชู ุงูุฐููุฉุ ุชููู ุจุฑูุฌูุงุช ุงูุดุฑูุฉ ุนูู ุฃุชูุชุฉ ุฅูุดุงุก ุงูุฅุนูุงูุงุช ูุดุฑุงุฆูุงุ ุจูุฏู ุงููุตูู ุฅูู ุฌูููุฑ ููุชู ูุนูุง ุจููุชุฌ ุนูุงูุฉ ุชุฌุงุฑูุฉ ูุงุ ุญูุซ ูุฏูุน ุงูุฒุจุงุฆู ููุดุฑูุฉ ููุท ุนูุฏูุง ูููู ุงููุณุชุฎุฏู ุจุฅุฌุฑุงุก ุนูููุฉ ุจูุน ุฃู ุชุญููู ุงูุชุทุจููุ ุญููุช ุงูุดุฑูุฉ ุนุงู 2017 ูุฏุงุฎูู ุจูุบุช 123.4 ููููู ุฏููุงุฑ.','assets/projects/01.jpg,assets/projects/02.jpg,assets/projects/03.jpg','https://www.google.com/maps/embed?pb=!1m14!1m8!1m3!1d7245.237072462584!2d46.738586!3d24.774265!3m2!1i1024!2i768!4f13.1!3m3!1m2!1s0x0%3A0x0!2zMjTCsDQ2JzI3LjQiTiA0NsKwNDQnMTguOSJF!5e0!3m2!1sen!2sus!4v1636582363311!5m2!1sen!2sus','0546617666','assets/projects/pr.pdf','inadhmi@gmail.com',1,'2022-02-20 20:35:51',NULL,NULL,NULL,NULL),(3,5,6,1,'ุชูููุฑ ุงุณุชููุงู ุงูุทุงูุฉ ูู ุฎูุงู ุงูุจููุช ุงูุฐููุฉ','assets/projects/03-logo.jpg','assets/projects/03.jpg',3000,'ูุชุนุซุฑ','ุชูุฏูู ุงูุงุณุชุดุงุฑุงุช ุงูุงุฏุงุฑูุฉ ูุงูุชุณููููุฉ ูุงุจุชูุงุฑ ููุชุฌุงุช ุงุณุชุซูุงุฑ ุงุฌุชูุงุนู ุชุณุชูุฏู ุงููุทุงุน ุงูุบูุฑ ุฑุจุญู ูุงูุฃููุงู ูุชุนุฒูุฒ ุงุณุชุฏุงูุชู ูุฏุนู ุงูุฑุคูุฉ ุงููุทููุฉ 2030 ููู ูู ุถูู ูุดุงุฑูุน ุงูุงุณุชุซูุงุฑ ุงูุงุฌุชูุงุนู ูุฏูุฌ ุจูู ูููุฐุฌู ุงูุนูู ุงูุงูุชุตุงุฏู ูุงูุงุฌุชูุงุนู ููุง ูุญูู ุฃุซุฑุง ุงูุชุตุงุฏูุง ูุงุฌุชูุงุนูุง ููุฏู ููุชุฌุงุช ( ุงูุฎุฏูุงุช ุงูุงุณุชุดุงุฑูุฉ ูู ูุฌุงู ุงููุทุงุน ุงูุบูุฑ ุฑุจุญู ุงุณุชุดุงุฑู(ูููู ุุบูุฑ ุฑุจุญู) -ุงุฏุฑุงู -ุญูููุฉ ุ','assets/projects/01.jpg,assets/projects/02.jpg,assets/projects/03.jpg','https://www.google.com/maps/embed?pb=!1m14!1m8!1m3!1d7245.237072462584!2d46.738586!3d24.774265!3m2!1i1024!2i768!4f13.1!3m3!1m2!1s0x0%3A0x0!2zMjTCsDQ2JzI3LjQiTiA0NsKwNDQnMTguOSJF!5e0!3m2!1sen!2sus!4v1636582363311!5m2!1sen!2sus','0546617666','assets/projects/pr.pdf','inadhmi@gmail.com',1,'2022-02-20 20:35:51',NULL,NULL,NULL,NULL),(4,6,6,1,'ุจูุน ูุดุฑุงุก ุงูุณูุงุฑุงุช ุงููุณุชุนููุฉ ุนุจุฑ ุงูุฅูุชุฑูุช','assets/projects/04-logo.jpg','assets/projects/04.jpg',3000,'ูุงุฆู','ุชูุฏูู ุงูุงุณุชุดุงุฑุงุช ุงูุงุฏุงุฑูุฉ ูุงูุชุณููููุฉ ูุงุจุชูุงุฑ ููุชุฌุงุช ุงุณุชุซูุงุฑ ุงุฌุชูุงุนู ุชุณุชูุฏู ุงููุทุงุน ุงูุบูุฑ ุฑุจุญู ูุงูุฃููุงู ูุชุนุฒูุฒ ุงุณุชุฏุงูุชู ูุฏุนู ุงูุฑุคูุฉ ุงููุทููุฉ 2030 ููู ูู ุถูู ูุดุงุฑูุน ุงูุงุณุชุซูุงุฑ ุงูุงุฌุชูุงุนู ูุฏูุฌ ุจูู ูููุฐุฌู ุงูุนูู ุงูุงูุชุตุงุฏู ูุงูุงุฌุชูุงุนู ููุง ูุญูู ุฃุซุฑุง ุงูุชุตุงุฏูุง ูุงุฌุชูุงุนูุง ููุฏู ููุชุฌุงุช ( ุงูุฎุฏูุงุช ุงูุงุณุชุดุงุฑูุฉ ูู ูุฌุงู ุงููุทุงุน ุงูุบูุฑ ุฑุจุญู ุงุณุชุดุงุฑู(ูููู ุุบูุฑ ุฑุจุญู) -ุงุฏุฑุงู -ุญูููุฉ ุ',NULL,'https://www.google.com/maps/embed?pb=!1m14!1m8!1m3!1d7245.237072462584!2d46.738586!3d24.774265!3m2!1i1024!2i768!4f13.1!3m3!1m2!1s0x0%3A0x0!2zMjTCsDQ2JzI3LjQiTiA0NsKwNDQnMTguOSJF!5e0!3m2!1sen!2sus!4v1636582363311!5m2!1sen!2sus','0546617666','assets/projects/pr.pdf','inadhmi@gmail.com',1,'2022-02-20 20:35:51',NULL,NULL,NULL,NULL);
/*!40000 ALTER TABLE `projects` ENABLE KEYS */;
UNLOCK TABLES;

--
-- Table structure for table `rich_text`
--

DROP TABLE IF EXISTS `rich_text`;
/*!40101 SET @saved_cs_client     = @@character_set_client */;
/*!50503 SET character_set_client = utf8mb4 */;
CREATE TABLE `rich_text` (
  `id` int NOT NULL AUTO_INCREMENT,
  `key` varchar(250) COLLATE utf8mb4_unicode_ci DEFAULT NULL,
  `value` text COLLATE utf8mb4_unicode_ci,
  `title` text COLLATE utf8mb4_unicode_ci,
  `image` varchar(250) COLLATE utf8mb4_unicode_ci DEFAULT NULL,
  `group` smallint DEFAULT '0',
  `icon` varchar(250) COLLATE utf8mb4_unicode_ci DEFAULT NULL,
  PRIMARY KEY (`id`)
) ENGINE=InnoDB AUTO_INCREMENT=11 DEFAULT CHARSET=utf8mb4 COLLATE=utf8mb4_unicode_ci;
/*!40101 SET character_set_client = @saved_cs_client */;

--
-- Dumping data for table `rich_text`
--

LOCK TABLES `rich_text` WRITE;
/*!40000 ALTER TABLE `rich_text` DISABLE KEYS */;
INSERT INTO `rich_text` VALUES (1,'banner','<strong>ูุชูุฑุฏ</strong> ูุชุจุงุฏู ุงูุฎุจุฑุงุช ูุชูููุฉ ุงูููุงุฑุงุช',' ุฃูุถู ูุฌุชูุน ุฃุนูุงู ุญููู ','assets/banner.png',0,NULL),(2,'vision','ุฃูุถู ูุฌุชูุน ุงุนูุงู ุญููู ูุชูุฑุฏ ูุฑูุงุฏ ุงูุงุนูุงู ูุงุตุญุงุจ ุงููุดุงุฑูุน','ุฑุคูุชูุง',NULL,1,'mdi-eye-outline'),(3,'msg','ุชูููู ุงูุดุจุงุจ ูู ุชุฃุณูุณ ูุชุทููุฑ ูุดุงุฑูุน ููุนูุฉ ูุงุนุฏุฉ','ุฑุณุงูุชูุง',NULL,1,'mdi-flag-outline'),(4,'mission','ุชูููู ูุฌุชูุน ุญููู ูุชุจุงุฏู ุฃูุถู ุงูููุงุฑุณุงุช ูุงูุดุฑุงูุงุช','ูููุชูุง',NULL,1,'mdi-bullseye-arrow'),(5,'values','ุจูุงุก ุงูุนูุงูุงุช ูุงุซุฑุงุก ุงููุนุฑูุฉ ูุชุญููู ุงููุฌุงุญ ุงููุดุชุฑู','ููููุง',NULL,1,'mdi-chart-box-outline'),(6,'small_business','ุฃุตุญุงุจ ุงููุดุงุฑูุน ุงููุงุดุฆุฉ ูุงูุตุบูุฑุฉ',NULL,NULL,2,'apartment'),(7,'ideas','ุฃุตุญุงุจ ุงูุฃููุงุฑ ุงูุฎูุงูุฉ ูุงููุงุนุฏุฉ ',NULL,NULL,2,'tungsten'),(8,'students','ุทูุงุจ ุงูุฅุฏุงุฑุฉ ูุงูุงูุชุตุงุฏ ูุฑูุงุฏุฉ ุงูุงุนูุงู',NULL,NULL,2,'add_business'),(9,'business_men','ุงูููุชููู ุจูุฌุงู ุงููุงู ูุงูุฃุนูุงู ูุฑูุงุฏุฉ ุงูุงุนูุงู',NULL,NULL,2,'admin_panel_settings'),(10,'business_men','ุงูุจุงุญุซูู ุนู ุชุฃุณูุณ ูุดุงุฑูุนูู ุงูุชุฌุงุฑูุฉ',NULL,NULL,2,'assistant_photo');
/*!40000 ALTER TABLE `rich_text` ENABLE KEYS */;
UNLOCK TABLES;

--
-- Table structure for table `roles`
--

DROP TABLE IF EXISTS `roles`;
/*!40101 SET @saved_cs_client     = @@character_set_client */;
/*!50503 SET character_set_client = utf8mb4 */;
CREATE TABLE `roles` (
  `id` int NOT NULL AUTO_INCREMENT,
  `name` varchar(250) COLLATE utf8mb4_unicode_ci DEFAULT NULL,
  `image` varchar(250) COLLATE utf8mb4_unicode_ci DEFAULT NULL,
  `breif` varchar(250) COLLATE utf8mb4_unicode_ci DEFAULT NULL,
  `price` float DEFAULT NULL,
  `color` varchar(250) COLLATE utf8mb4_unicode_ci DEFAULT NULL,
  PRIMARY KEY (`id`)
) ENGINE=InnoDB AUTO_INCREMENT=4 DEFAULT CHARSET=utf8mb4 COLLATE=utf8mb4_unicode_ci;
/*!40101 SET character_set_client = @saved_cs_client */;

--
-- Dumping data for table `roles`
--

LOCK TABLES `roles` WRITE;
/*!40000 ALTER TABLE `roles` DISABLE KEYS */;
INSERT INTO `roles` VALUES (1,'ุนุถููุฉ ูุจุงุฏุฑ','assets/memberships/mobader.png',' ุชุณุงูู ูู ุชูููุฉ ููุงุฑุงุชู ุชุฌุงู ุงูุนูู ุงูุญุฑ',230,'#5b5b5b'),(2,'ุนุถููุฉ ุทููุญ','assets/memberships/tamooh.png',' ุชุณุงูู ูู ุงุณุชุซูุงุฑ ุฃููุงุฑู ุงููุงุนุฏุฉ ูุญู ุงูุญุฑูุฉ ุงููุงููุฉ',345,'#004f55'),(3,'ุนุถููุฉ ุฑูุงุฏู','assets/memberships/ryady.png',' ุชุณุงูู ูู ุชูููู ุนูุงูุงุช ูุดุฑุงูุงุช ูููู ุงุนูุงูู',460,'#0026a0');
/*!40000 ALTER TABLE `roles` ENABLE KEYS */;
UNLOCK TABLES;

--
-- Table structure for table `services`
--

DROP TABLE IF EXISTS `services`;
/*!40101 SET @saved_cs_client     = @@character_set_client */;
/*!50503 SET character_set_client = utf8mb4 */;
CREATE TABLE `services` (
  `id` int NOT NULL AUTO_INCREMENT,
  `name` varchar(250) COLLATE utf8mb4_unicode_ci DEFAULT NULL,
  `icon` varchar(250) COLLATE utf8mb4_unicode_ci DEFAULT NULL,
  `deleted_at` datetime DEFAULT NULL,
  PRIMARY KEY (`id`)
) ENGINE=InnoDB AUTO_INCREMENT=5 DEFAULT CHARSET=utf8mb4 COLLATE=utf8mb4_unicode_ci;
/*!40101 SET character_set_client = @saved_cs_client */;

--
-- Dumping data for table `services`
--

LOCK TABLES `services` WRITE;
/*!40000 ALTER TABLE `services` DISABLE KEYS */;
INSERT INTO `services` VALUES (1,'ุชุตููู ูููุน ุงููุชุฑููู','application-outline',NULL),(2,'ูููุฐุฌ ุนูู','note-edit-outline',NULL),(3,'ุงุณุชุดุงุฑุฉ ุงูุชุตุงุฏูุฉ','tune-vertical',NULL),(4,'ุฏุฑุงุณุฉ ุฌุฏูู','equalizer',NULL);
/*!40000 ALTER TABLE `services` ENABLE KEYS */;
UNLOCK TABLES;

--
-- Table structure for table `user_events`
--

DROP TABLE IF EXISTS `user_events`;
/*!40101 SET @saved_cs_client     = @@character_set_client */;
/*!50503 SET character_set_client = utf8mb4 */;
CREATE TABLE `user_events` (
  `id` int NOT NULL AUTO_INCREMENT,
  `user_id` int DEFAULT NULL,
  `event_id` int DEFAULT NULL,
  `price` float unsigned DEFAULT NULL,
  `method` enum('card','cash') COLLATE utf8mb4_unicode_ci DEFAULT NULL,
  `points` int unsigned DEFAULT '0',
  PRIMARY KEY (`id`),
  KEY `fk_user_events_user` (`user_id`),
  KEY `fk_user_events_event` (`event_id`),
  CONSTRAINT `fk_user_events_event` FOREIGN KEY (`event_id`) REFERENCES `events` (`id`) ON DELETE RESTRICT ON UPDATE RESTRICT,
  CONSTRAINT `fk_user_events_user` FOREIGN KEY (`user_id`) REFERENCES `users` (`id`) ON DELETE RESTRICT ON UPDATE RESTRICT
) ENGINE=InnoDB DEFAULT CHARSET=utf8mb4 COLLATE=utf8mb4_unicode_ci;
/*!40101 SET character_set_client = @saved_cs_client */;

--
-- Dumping data for table `user_events`
--

LOCK TABLES `user_events` WRITE;
/*!40000 ALTER TABLE `user_events` DISABLE KEYS */;
/*!40000 ALTER TABLE `user_events` ENABLE KEYS */;
UNLOCK TABLES;

--
-- Table structure for table `user_subs`
--

DROP TABLE IF EXISTS `user_subs`;
/*!40101 SET @saved_cs_client     = @@character_set_client */;
/*!50503 SET character_set_client = utf8mb4 */;
CREATE TABLE `user_subs` (
  `id` int NOT NULL AUTO_INCREMENT,
  `user_id` int DEFAULT NULL,
  `role_id` int DEFAULT NULL,
  `price` float unsigned DEFAULT NULL,
  `method` enum('card','cash') COLLATE utf8mb4_unicode_ci DEFAULT NULL,
  `points` int unsigned DEFAULT '0',
  `start_at` datetime DEFAULT NULL,
  `end_at` datetime DEFAULT NULL,
  PRIMARY KEY (`id`),
  KEY `fk_user_subs_user` (`user_id`),
  KEY `fk_user_subs_role` (`role_id`),
  CONSTRAINT `fk_user_subs_role` FOREIGN KEY (`role_id`) REFERENCES `roles` (`id`) ON DELETE RESTRICT ON UPDATE RESTRICT,
  CONSTRAINT `fk_user_subs_user` FOREIGN KEY (`user_id`) REFERENCES `users` (`id`) ON DELETE RESTRICT ON UPDATE RESTRICT
) ENGINE=InnoDB DEFAULT CHARSET=utf8mb4 COLLATE=utf8mb4_unicode_ci;
/*!40101 SET character_set_client = @saved_cs_client */;

--
-- Dumping data for table `user_subs`
--

LOCK TABLES `user_subs` WRITE;
/*!40000 ALTER TABLE `user_subs` DISABLE KEYS */;
/*!40000 ALTER TABLE `user_subs` ENABLE KEYS */;
UNLOCK TABLES;

--
-- Table structure for table `users`
--

DROP TABLE IF EXISTS `users`;
/*!40101 SET @saved_cs_client     = @@character_set_client */;
/*!50503 SET character_set_client = utf8mb4 */;
CREATE TABLE `users` (
  `id` int NOT NULL AUTO_INCREMENT,
  `name` varchar(250) COLLATE utf8mb4_unicode_ci NOT NULL,
  `name_ar` varchar(250) COLLATE utf8mb4_unicode_ci NOT NULL,
  `email` varchar(250) COLLATE utf8mb4_unicode_ci DEFAULT NULL,
  `img` varchar(300) COLLATE utf8mb4_unicode_ci DEFAULT 'assets/members/default.png',
  `password` varchar(250) COLLATE utf8mb4_unicode_ci DEFAULT NULL,
  `serial` int DEFAULT NULL,
  `points` int unsigned DEFAULT '0',
  `role_id` int DEFAULT NULL,
  `city_id` int DEFAULT NULL,
  `phone` varchar(250) COLLATE utf8mb4_unicode_ci NOT NULL,
  `breif` text COLLATE utf8mb4_unicode_ci,
  `website` varchar(250) COLLATE utf8mb4_unicode_ci DEFAULT NULL,
  `instagram` varchar(250) COLLATE utf8mb4_unicode_ci DEFAULT NULL,
  `twitter` varchar(250) COLLATE utf8mb4_unicode_ci DEFAULT NULL,
  `featured` tinyint(1) DEFAULT '0',
  `active` tinyint(1) DEFAULT '0',
  `admin` tinyint(1) DEFAULT '0',
  `deleted_at` datetime DEFAULT NULL,
  PRIMARY KEY (`id`),
  UNIQUE KEY `phone` (`phone`),
  UNIQUE KEY `email` (`email`),
  KEY `fk_user_role` (`role_id`),
  KEY `fk_user_city` (`city_id`),
  CONSTRAINT `fk_user_city` FOREIGN KEY (`city_id`) REFERENCES `cities` (`id`) ON DELETE RESTRICT ON UPDATE RESTRICT,
  CONSTRAINT `fk_user_role` FOREIGN KEY (`role_id`) REFERENCES `roles` (`id`) ON DELETE RESTRICT ON UPDATE RESTRICT
) ENGINE=InnoDB AUTO_INCREMENT=175 DEFAULT CHARSET=utf8mb4 COLLATE=utf8mb4_unicode_ci;
/*!40101 SET character_set_client = @saved_cs_client */;

--
-- Dumping data for table `users`
--

LOCK TABLES `users` WRITE;
/*!40000 ALTER TABLE `users` DISABLE KEYS */;
INSERT INTO `users` VALUES (1,'ahmed mohamed moustafa','ุนุจุฏุงููู ูุณุงุนุฏ ุจุงุญุงุฏู','a.mohamed@gmail.com','assets/members/male-01.jpg','123456',2400100,230,1,NULL,'0546617668','ููุฑูู ุงูุจุณูู ุฏููุงุฑ ุณูุช ุฃููุช ,ูููุณููุชูุชูุฑ ุฃุฏุงูุจุง ูุณูููุฌ ุฃููุงูุช,ุณูุช ุฏู ุฃููุณููุฏ ุชููุจูุฑ ุฃููุงูุฏูุฏูููุชููุช ูุงุจูุฑู ุงุช ุฏููุงุฑ ูุงุฌูุง ุฃูููููุง .','http://a-mohamed.com','http://instagram.com','http://twitter.com',0,1,0,NULL),(2,'Rawan Atif Makki','ุฑูุงู ุนุงุทู ููู','roooni@hotmail.com','assets/ryady-24461652920210509032652AM.png','555592520',2200100,345,3,NULL,'0561942999','ุทุจูุจุฉ ุทููุญุฉ ูุชูุงุฆูุฉ ูุดุบููุฉ ุจุงูุชุณูููุ ุงุณุนู ุงูู ุชุญููู ุฐุงุชู ูุงุญูุงูู ูู ุฎูุงู ุงูุนูู ุงูุญุฑ ูู ุงูุชุณููู','http://Rawan.com','http://instagram.com','http://twitter.com',0,1,0,NULL),(3,'Mashal Ali Albrgs','ูุดุนู ุนูุฏู ุงูุนูู','mashal@gmail.com','assets/391605743719_servers.png','123456',2000100,460,1,NULL,'0555555555','ููุงุณ ุฃููุชู ุฃุฑูุฑู ุฏููุงุฑ ุฅู ุฑูุจุฑููููุฏูุฑุฃูุช ูููููุจุชุงุชู ูููุงูุช ุฃูุณุณู ูุงูููููู ุฏููุงุฑ ุฃูู ููุฌุงูุช ููููุง ุจุงุฑุงูุงุชููุฑ','http://mashal.com','http://instagram.com','http://twitter.com',0,1,0,NULL),(4,'Majed Abdullah Al-Obayan','ูุงุฌุฏ ุนุจุฏุงููู ุงูุนุจูุงู','Majed@gmail.com','assets/EzxAwLmXEAc9qla.jpg','123456',2000102,460,3,NULL,'0555452792','ุงููุฏูุฑ ุงูุนุงู ูููุงูุฉ ุนุทูุฉ ุตูู ููุณูุฑ ูุงูุณูุงุญูุ ูุณุชุซูุฑ ูู ูุทุงุน ุงููุงูููุงุชุ ูุงูู ููุชูุฑุง ุฏูู ููููุ ูุญุจ ููุณูุฑ ูุฎูุถ ุงูุชุฌุงุฑุจ ุงูุฌุฏูุฏุฉ','http://sahar.com','http://instagram.com','http://twitter.com',1,1,0,NULL),(5,'abdullatif hani hariri','ุนุจุฏุงููุทูู ูุงูู ุญุฑูุฑู','abdullatifjhariri@gmail.com','assets/ุนุจุฏุงููุทูู ุญุฑูุฑู.jpg','123456',2000103,460,3,NULL,'0552884141','ููุงุณ ุฃููุชู ุฃุฑูุฑู ุฏููุงุฑ ุฅู ุฑูุจุฑููููุฏูุฑุฃูุช ูููููุจุชุงุชู ูููุงูุช ุฃูุณุณู ูุงูููููู ุฏููุงุฑ ุฃูู ููุฌุงูุช ููููุง ุจุงุฑุงูุงุชููุฑ','http://abdallah.com','http://instagram.com','http://twitter.com',1,1,0,NULL),(6,'Hashm ahmed safy','ูุงุดู ุงุญูุฏ ุงูุตุงูู','hashem@gmail.com','assets/members/male-04.jpg','123456',2000104,460,3,NULL,'0546617663','ููุงุณ ุฃููุชู ุฃุฑูุฑู ุฏููุงุฑ ุฅู ุฑูุจุฑููููุฏูุฑุฃูุช ูููููุจุชุงุชู ูููุงูุช ุฃูุณุณู ูุงูููููู ุฏููุงุฑ ุฃูู ููุฌุงูุช ููููุง ุจุงุฑุงูุงุชููุฑ','http://hashem.com','http://instagram.com','http://twitter.com',1,1,0,NULL),(7,'Mohammed Abdullah Al-Qahtani','ูุญูุฏ ุนุจุฏุงููู ุงููุญุทุงูู','MTQ4515@gmail.com','assets/WhatsApp Image 2022-02-08 at 8.37.21 PM.jpeg','MT2244668800',2000105,460,1,NULL,'0554473217','ููุงุณ ุฃููุชู ุฃุฑูุฑู ุฏููุงุฑ ุฅู ุฑูุจุฑููููุฏูุฑุฃูุช ูููููุจุชุงุชู ูููุงูุช ุฃูุณุณู ูุงูููููู ุฏููุงุฑ ุฃูู ููุฌุงูุช ููููุง ุจุงุฑุงูุงุชููุฑ','http://ayed.com','http://instagram.com','http://twitter.com',1,1,0,NULL),(8,'Amar Khalid Bajamak','ุนูุงุฑ ุฎุงูุฏ ุจุงุฌูุงู','Amarbajamal@gmail.com','assets/ุนูุงุฑ ุจุงุฌูุงู.jpg','123456',2000106,460,3,NULL,'0546300896','ููุงุณ ุฃููุชู ุฃุฑูุฑู ุฏููุงุฑ ุฅู ุฑูุจุฑููููุฏูุฑุฃูุช ูููููุจุชุงุชู ูููุงูุช ุฃูุณุณู ูุงูููููู ุฏููุงุฑ ุฃูู ููุฌุงูุช ููููุง ุจุงุฑุงูุงุชููุฑ','http://sara.com','http://instagram.com','http://twitter.com',1,1,0,NULL),(9,'Abdullah K. AlSubaie','ุนุจุฏุงููู ุฎุฒุงู ุงูุณุจูุนู',NULL,'assets/ุนุจุงููู ุงูุณุจูุนู.jpeg','123456',201000,0,3,2,'0545334334',NULL,NULL,NULL,NULL,0,1,0,NULL),(10,'Afrah A. Almanhapi','ุงูุฑุงุญ ุนุจุฏุงููู ุงููููุจู','Afrah@Abdullah.com','assets/ryady-24461652920210509032652AM.png','123456',221001,0,1,2,'0503056210',NULL,NULL,NULL,NULL,0,1,0,NULL),(11,'MASHARI bin KHAZAM','ูุดุงุฑู ุจู ุฎุฒุงู','MASHARI@KHAZAM.com','assets/391605743719_servers.png','123456',201002,0,3,2,'0530600800',NULL,NULL,NULL,NULL,0,1,0,NULL),(12,'Bandr Bin Dajam','ุจูุฏุฑ ุจู ุฏุนุฌู','Bandr@Dajam.com','assets/ุจูุฏุฑ ุจู ุฏุนุฌู.jpg','123456',201003,0,3,1,'0555559997',NULL,NULL,NULL,NULL,0,1,0,NULL),(13,'OsamahAhmadAlmanhapi-4094','ุงุณุงูู ุงุญูุฏ ุงููููุจู',NULL,'assets/ุงุณุงูู.jpg','123456',201004,0,3,1,'0501663722',NULL,NULL,NULL,NULL,0,1,0,NULL),(14,'Hessa Abdullah ALZahrani','ุญุตู ุนุจุฏุงููู ุงูุฒูุฑุงูู',NULL,'assets/ryady-24461652920210509032652AM.png','123456',241005,0,2,2,'0552322654','ููุชูู ุจุงููุชุงุจุฉ ูุงููุตุฉ ููุฐ ุงูุตุบุฑุ ูุคููู ูุตุตูุฉ ููุงุชุจู ุฑูุงุฆูุฉุ ุงุตุฏุฑุช ุฑูุงูุชู ุงูุฃููู ุจุนููุงู ( ุฐุงูุฑุฉ ูุงูู )',NULL,NULL,NULL,0,1,0,NULL),(15,'AbeerAllubdi-68456','ุนุจูุฑ ูุทูู ุงููุจุฏู',NULL,'assets/ุนุจูุฑ ุงููุจุฏู.jpg','123456',201006,0,3,1,'0543424345',NULL,NULL,NULL,NULL,0,1,0,NULL),(16,'Rehab A. AlMaghribi','ุฑุญุงุจ ุนุจุฏุงููู ุงููุบุฑุจู','businessprosa@gmail.com','assets/ryady-24461652920210509032652AM.png','123456',201007,0,3,1,'0551651833',NULL,NULL,NULL,NULL,0,1,0,NULL),(17,'RashedMAlshehri-58642','ุฑุงุดุฏ ูุญูุฏ ุงูุดูุฑู',NULL,'assets/members/default.png','123456',201008,0,3,1,'0548877401',NULL,NULL,NULL,NULL,0,1,0,NULL),(18,'HamzaAlturki-79453','ุญูุฒุฉ ุฃุดุฑู ุงูุชุฑูู',NULL,'assets/members/default.png','123456',201009,0,3,1,'0560005321',NULL,NULL,NULL,NULL,0,1,0,NULL),(19,'JabrJaberAlharbi-75890','ุฌุจุฑ ุฌุงุจุฑ ุงูุญุฑุจู',NULL,'assets/ุฌุจุฑ ุงูุญุฑุจู.jpg','123456',221010,0,1,1,'0599906763',NULL,NULL,NULL,NULL,0,1,0,NULL),(20,'Nadiaa m. lkhashrami','ูุงุฏูุฉ ูุญุณู ุงูุฎุดุฑูู','dfg@dd.com','assets/ryady-103832174420210413072935PM.png','123456',201011,0,3,1,'0547288681',NULL,NULL,NULL,NULL,0,1,0,NULL),(21,'Anas M Alansari','ุงูุณ ูุญููุฏ ุงูุงูุตุงุฑู',NULL,'assets/ุงูุณ ุงูุงูุตุงุฑู1.jpg','123456',201012,0,3,1,'0569967793',NULL,NULL,NULL,NULL,0,1,0,NULL),(22,'Jana A. Almanhapi','ุฌูู ุงุญูุฏ ุงููููุจู','Jana@A.COM','assets/ryady-24461652920210509032652AM.png','123456',221013,0,1,1,'0503056610',NULL,NULL,NULL,NULL,0,1,0,NULL),(23,'WaleedAGogandi-89312','ูููุฏ ุนุจุฏ ุงููุงุณุน ููููุฏู',NULL,'assets/ููููุฏู.jpg','123456',201014,0,3,1,'0565114040',NULL,NULL,NULL,NULL,0,1,0,NULL),(24,'lujain omar babatin','ูุฌูู ุนูุฑ ุจุงุจุทูู',NULL,'assets/ryady-24461652920210509032652AM.png','123456',201015,0,3,1,'0503056310',NULL,NULL,NULL,NULL,0,1,0,NULL),(25,'waleed eid alzahrani','ูููุฏ ุนูุฏ ุงูุฒูุฑุงูู',NULL,'assets/ูููุฏ ุนูุฏ.jpg','123456',201016,0,3,1,'0553663458',NULL,NULL,NULL,NULL,0,1,0,NULL),(26,'Abdullah S Alshehri','ุนุจุฏุงููู ุตุงูุญ ุงูุดูุฑู','I-shehri@hotmail.com','assets/F1CA8963-1EEB-4C8B-9D82-249A848F9843.jpeg','123456',201017,0,3,7,'0582227141','ููุชู ุจุงูุงุณุชุซูุงุฑ ูู ูุทุงุน ุงูุชูููุฉ ุงููุงููุฉ ( ูุชููู ) ูุงูุนููุงุช ุงููุดูุฑุฉุ ุดุบูู ุจุงูุนูู ูู ุงููุทุงุน ุงูููุทู',NULL,NULL,NULL,0,1,0,NULL),(27,'Wafaa salih albadriy','ููุงุก ุตุงูุญ ุงูุจุฏุฑู','Wafaa@Wafaa.com','assets/ryady-24461652920210509032652AM.png','123456',201018,0,3,1,'0503617123',NULL,NULL,NULL,NULL,0,1,0,NULL),(28,'Sattam Eid alkadi','ุณุทุงู ุนูุฏ ุงููุงุถู',NULL,'assets/members/default.png','123456',201019,0,3,1,'0541940680',NULL,NULL,NULL,NULL,0,1,0,NULL),(29,'Jawaher Ahmed Abdullah','ุฌูุงูุฑ ุฃุญูุฏ ุงูุนูุฒู',NULL,'assets/ryady-24461652920210509032652AM.png','123456',241020,0,2,2,'0501090299',NULL,NULL,NULL,NULL,0,1,0,NULL),(30,'Arif Mubarak Alhussain','ุนุงุฑู ูุจุงุฑู ุขู-ุญุณูู','arif_heql@hotmail.com','assets/WhatsApp Image 2022-03-02 at 3.57.27 PM.jpg','123456',201021,0,3,2,'0504563895',NULL,NULL,NULL,NULL,0,1,0,NULL),(31,'Muhanna Kamal Al-Muhanna','ูููุง ููุงู ุงููููุง','drmmuhanna@gmail.com','assets/Dr  Muhanna_CV Oct 2021.pdf','Office216@17',201022,0,3,2,'0560022888','ุงููุฏู ุชุญููู ุฑุบุจุชู ุงูุชู ุชูุงูุจ ุฑุคูุฉ ุงููุทู ูขููฃู ูุฑูุน ุงููุญุชูู ุงูุตูุงุนู ุงููุญูู ูุฑูุน ุทุงูุฉ ุงูุตุงุฏุฑุงุช ุงูุณุนูุฏูุฉ ูุงููุตูู ุงูู ุงูุฃูู ุงูุฏูุงุฆู ',NULL,NULL,NULL,0,1,0,NULL),(32,'Mohammed faisal shahin','ูุญูุฏ ููุตู ุดุงููู','M-F-Shahin@hotmail.com','assets/2165A22B-F32E-4DFD-9D24-511A67D80AC7.jpeg','Mm0551384446',201023,0,3,1,'0551384446',NULL,NULL,NULL,NULL,0,1,0,NULL),(33,'meshal Ali albarjas','ูุดุนู ุนูู ุงูุจุฑุฌุณ','m6.20@hotmail.com','assets/ryady-151974753220210506084921PM.jpeg','123456',201024,0,3,2,'0508986346',NULL,NULL,NULL,NULL,0,1,0,NULL),(34,'Amany Mohammed younis','ุฃูุงูู ูุญูุฏ ูููุณ',NULL,'assets/ryady-24461652920210509032652AM.png','123456',201025,0,3,2,'0545412476',NULL,NULL,NULL,NULL,0,1,0,NULL),(35,'Ayed Owda Alharbi','ุนุงูุฏ ุนูุฏู ุงูุญุฑุจู',NULL,'assets/ุนุงูุฏ ุงูุญุฑุจู.jpg','123456',201026,0,3,1,'0505772368',NULL,NULL,NULL,NULL,0,1,0,NULL),(36,'Sulaiman A Albalawi','ุณูููุงู ุนูุถ ุงูุจููู','Sul-kh@hotmail.com','assets/members/default.png','thAmer.2',201027,0,3,8,'0565803212',NULL,NULL,NULL,NULL,0,1,0,NULL),(37,'Sahar Salem Alhutami','ุณุญุฑ ุณุงูู ุงูุญุทุงูู','S7r.design@gmail.com','assets/ryady-187243059820210414080214PM.jpeg','123456',201028,0,3,1,'0504644416','ุทุจุงุนุฉ ุจูุง ุญุฏูุฏ \nุนูู ุงููุณูุฌ ูุงูุณูุฑุงููู ูุงูุงููุงุจ \nูุดุฑูุท ุงูุณุชุงู ูุงูููุงูุงุช ',NULL,NULL,NULL,0,1,0,NULL),(38,'EMAN ZAIN ALABDIN','ุฅููุงู ุฒูู ุงูุนุงุจุฏูู','EMAN@EMAN.com','assets/ryady-187259349320210505110936PM.jpeg','123456',241029,0,2,4,'0544841405',NULL,NULL,NULL,NULL,0,1,0,NULL),(39,'ABDULLAH AHMED HASSAN','ุนุจุฏุงููู ุฃุญูุฏ ุญุณุงู','Xaxb.66@gmail.com','assets/ryady-48148847720210506085827PM.jpeg','Abodi@1417',201030,0,3,1,'0566082280','ุตุญ ุงู ุงููุงุญุฏ ูููู ุนูุฏู ุฑุบุจุฉ ูุทููุญ ูููุฌุงุญ ูู ูุฐู ุงูุญูุงุฉ  ูููู ุงูุฃุดุฎุงุต ุงูููุจุงุฑููู ุนูุฏูู ููุงุนุฏ ูููุฌูุฉ ูู ุฃูููุง ( ุชูุฏูู ุงูุฎูุฑ ููุบูุฑ ููู ูุฃุชู ุงูุฎูุฑ ูู ุงูุบูุฑ ) ูุชุฃูุฏูุง ุฃู ุงูุฃูุฏุงุฑ ูุงูุฑุฒู ูุงูุชูููู ุจูุฏ ุงููู ููุง ูุนูู ุฃุญุฏ ูุง ุฎุจุฃู ุงููู ูู ูู ูุญุธุงุชู ุงููุงุฏูุฉ . \nุงุฎููู ูุดุฑูููู ุงูุฐู ูุง ูููู ุนู ุชูุฏูู ูุฏ ุงูุนูู ูู ุธู ุงุณุชุทุงุนุชู ุงูุจุณูุทุฉ ุฌุฏุง : ุนุจุฏุงููู ุญุณุงู . ',NULL,NULL,NULL,0,1,0,NULL),(40,'Noorah Nooh Ahmad','ููุฑู ููุญ ุงุญูุฏ',NULL,'assets/ryady-24461652920210509032652AM.png','123456',221031,0,1,2,'0569692200',NULL,NULL,NULL,NULL,0,1,0,NULL),(41,'Buthainah Mohammed Makhshen','ุจุซููุฉ ุจูุช ูุญูุฏ','buthainah.y@gmail.com','assets/ryady-24461652920210509032652AM.png','Buthainah899',241032,0,2,2,'0533510660',NULL,NULL,NULL,NULL,0,1,0,NULL),(42,'Abdulaziz Bin Ali','ุนุจุฏุงูุนุฒูุฒ ุจู ุนูู','abdulazizhajar@gmail.com','assets/ryady-97340697220210414081528AM.jpeg','123123',201033,0,3,1,'0544426660',NULL,NULL,NULL,NULL,0,1,0,NULL),(43,'Sara Essam Zahid','ุณุงุฑุฉ ุนุตุงู ุฒุงูุฏ','Alanamelaljamelah@gmail.com','assets/ุณุงุฑุฉ ุฒุงูุฏ.jpg','soso1987',201034,0,3,1,'0560011909',NULL,NULL,NULL,NULL,0,1,0,NULL),(44,'EID ABDULLAH ALOTAIBI','ุนูุฏ ุนุจุฏุงููู ุงูุนุชูุจู','eid5237@gmail.com','assets/ุนูุฏ ุงูุนุชูุจู.jpeg','E1083230340d',201035,0,3,2,'0531444452',NULL,NULL,NULL,NULL,0,1,0,NULL),(45,'Samia Ali Al-Sharif','ุณุงููู ุนูู ุงูุดุฑูู','samian56748@gmail.com','assets/ryady-24461652920210509032652AM.png','123456',201036,0,3,5,'0563010595',NULL,NULL,NULL,NULL,0,1,0,NULL),(46,'sarah saad m.d','ุณุงุฑุฉ ุณุนุฏ ุงูุฏูุณุฑู',NULL,'assets/ryady-24461652920210509032652AM.png','123456',201037,0,3,9,'0551097700',NULL,NULL,NULL,NULL,0,1,0,NULL),(47,'Mohammed K.R Alsharef','ูุญูุฏ ุฎุงูุฏ ุงูุดุฑูู',NULL,'assets/members/default.png','123456',201038,0,3,5,'0597777351',NULL,NULL,NULL,NULL,0,1,0,NULL),(48,'Mohammad A Surrati','ูุญูุฏ ุนุจุฏ ุงููุงุฏุฑ ุณุฑุชู',NULL,'assets/ุณุฑุชู.jpeg','123456',201039,0,3,4,'0505506869',NULL,NULL,NULL,NULL,0,1,0,NULL),(49,'Hanan Mohammed Ahmedden','ุญูุงู ูุญูุฏ ุงุญูุฏุฏูู',NULL,'assets/ryady-24461652920210509032652AM.png','123456',201040,0,3,4,'0534082851',NULL,NULL,NULL,NULL,0,1,0,NULL),(50,'Eng. IBRAHEEM M. ALMOHAIMEED','ุงุจุฑุงููู ูุญูุฏ ุงููุญูููุฏ',NULL,'assets/members/default.png','123456',241041,0,2,2,'0505221231',NULL,NULL,NULL,NULL,0,1,0,NULL),(51,'MESHAL ABN ABDALLH','ูุดุนู ุจู ุนุจุฏุงููู',NULL,'assets/members/default.png','123456',201042,0,3,18,'0593333428',NULL,NULL,NULL,NULL,0,1,0,NULL),(52,'Samah Adel Aljuryan','ุณูุงุญ ุนุงุฏู ุงูุฌุฑูุงู',NULL,'assets/ryady-21160967420210419121041AM.jpeg','123456',241043,0,2,19,'0554326380',NULL,NULL,NULL,NULL,0,1,0,NULL),(53,'Sahar Hussain Hayek','ุณุญุฑ ุญุณูู ุญุงูู',NULL,'assets/ุณุญุฑ ุญุงูู.jpg','123456',201044,0,3,1,'0547999847',NULL,NULL,NULL,NULL,0,1,0,NULL),(54,'AHLAM ATIAH ALMURASHI','ุงุญูุงู ุนุทูุฉ ุงููุฑุนุดู',NULL,'assets/ryady-24461652920210509032652AM.png','123456',201045,0,3,5,'0562734006',NULL,NULL,NULL,NULL,0,1,0,NULL),(55,'Badriah Ibrahim almoqrin','ุจุฏุฑูุฉ ุงุจุฑุงููู ุงูููุฑู',NULL,'assets/ryady-24461652920210509032652AM.png','123456',201046,0,3,2,'0531097130',NULL,NULL,NULL,NULL,0,1,0,NULL),(56,'Alaa Abbad Alharbi','ุงูุงุก ุนุจุงุฏ ุงูุญุฑุจู',NULL,'assets/main_saudi_women_empowerment-700x.jpg','123456',241047,0,2,4,'0505550498',NULL,NULL,NULL,NULL,0,1,0,NULL),(57,'Maha mohammed Alfarran','ููุง ูุญูุฏ ุงููุฑุงู',NULL,'assets/ryady-120518597920210508074808PM.jpeg','123456',201048,0,3,1,'0544682888',NULL,NULL,NULL,NULL,0,1,0,NULL),(58,'Assem a alorf','ุนุงุตู ุนุจุฏุงูุนุฒูุฒ ุงูุนุฑู',NULL,'assets/members/default.png','123456',201049,0,3,12,'0501005551',NULL,NULL,NULL,NULL,0,1,0,NULL),(59,'MOHAMMAD JARALLAH ALZAHRANI','ูุญูุฏ ุฌุงุฑุงููู ุงูุฒูุฑุงูู','MOHAMMAD@ALZAHRANI.com','assets/ูุญูุฏ ุฌุงุฑุงููู.jpg','123456',201050,0,3,2,'0565656156',NULL,NULL,NULL,NULL,0,1,0,NULL),(60,'Mohammed  Al.harbi','ูุญูุฏ ุนูุงุฏ ุงูุญุฑุจู',NULL,'assets/members/default.png','123456',201051,0,3,12,'0506141478',NULL,NULL,NULL,NULL,0,1,0,NULL),(61,'Saher Salem Almadani','ุณุงูุฑ ุณุงูู ุงููุฏูู','Saher.Saber@gmail.com','assets/ุณุงูุฑ ูุฏูู.jpg','123456',201052,0,3,1,'0541499049',NULL,NULL,NULL,NULL,0,1,0,NULL),(62,'Rawan saeed alshahrani','ุฑูุงู ุนุจุฏุงููู ุงููุบุฑุจู',NULL,'assets/ryady-24461652920210509032652AM.png','123456',221053,0,1,1,'0566376051',NULL,NULL,NULL,NULL,0,1,0,NULL),(63,'Raghdah Adel Murghlan','ุฑุบุฏุฉ ุนุงุฏู ูุฑุบูุงู',NULL,'assets/ryady-39725074420210423122011AM.jpeg','123456',201054,0,3,1,'0565525707',NULL,NULL,NULL,NULL,0,1,0,NULL),(64,'HAMZA A. MANDELI','ุญูุฒู ุนุจุฏุงููุงุฏู ููุฏููู',NULL,'assets/members/default.png','123456',201055,0,3,4,'0542186168',NULL,NULL,NULL,NULL,0,1,0,NULL),(65,'Khaled Abdullah Muhammad ALshayeb','ุฎุงูุฏ ุนุจุฏุงููู ุงูุดุงูุจ',NULL,'assets/members/default.png','123456',201056,0,3,2,'0554121112',NULL,NULL,NULL,NULL,0,1,0,NULL),(66,'Saada Saad Al-Ghamdi','ุณุนุฏู ุณุนุฏ ุงูุบุงูุฏู','nasmahsaad254@gmail.com','assets/ryady-24461652920210509032652AM.png','123456',201057,0,3,11,'0532155056',NULL,NULL,NULL,NULL,0,1,0,NULL),(67,'Abdulrhman Ahmed Abushiqa','ุนุจุฏุงูุฑุญูู ุงุญูุฏ ุงุจูุดููู',NULL,'assets/members/default.png','123456',201058,0,3,2,'0554462122',NULL,NULL,NULL,NULL,0,1,0,NULL),(68,'Morooj Hashim Katib','ูุฑูุฌ ูุงุดู ูุงุชุจ','moroojkatib@gmail.com','assets/ryady-24461652920210509032652AM.png','Moja1234',201059,0,3,2,'0504477547',NULL,NULL,NULL,NULL,0,1,0,NULL),(69,'Eisa S. Alolayani','ุนูุณู ุณุญูุงู ุงูุนููุงูู','isa-s@hotmail.com','assets/7CA4A388-C600-4117-B921-8DB935F5E31B.jpeg','123456',201060,0,3,1,'0502457745',NULL,NULL,NULL,NULL,0,1,0,NULL),(70,'Hend Mohammad Alshehri','ููุฏ ูุญูุฏ ุงูุดูุฑู',NULL,'assets/ryady-24461652920210509032652AM.png','123456',241061,0,2,1,'0507766321',NULL,NULL,NULL,NULL,0,1,0,NULL),(71,'Meaad Awad Al-Mutairi','ููุนุงุฏ ุนูุถ ุงููุทูุฑู',NULL,'assets/ryady-24461652920210509032652AM.png','123456',221062,0,1,1,'0551757631',NULL,NULL,NULL,NULL,0,1,0,NULL),(72,'Nazmi Abdulelah AlSaadi','ูุธูู ุนุจุฏุงูุงูู ุงูุตุงุนุฏู',NULL,'assets/members/default.png','123456',201063,0,3,1,'0568383837',NULL,NULL,NULL,NULL,0,1,0,NULL),(73,'Rzan M. Alghamdi','ุฑุฒุงู ูุญูุฏ ุงูุบุงูุฏู',NULL,'assets/ryady-24461652920210509032652AM.png','123456',201064,0,3,8,'0550749777',NULL,NULL,NULL,NULL,0,1,0,NULL),(74,'Ammar S Mahmadah','ุนูุงุฑ ุณุนูุฏ ูููุฏู','ammar.asm52@gmail.com','assets/ryady-171718639520210505070408PM.png','123456',201065,0,3,4,'0544310084','ุฎุจูุฑ ูู ูุฌุงู ุงูุณูุงูุฉ ุงูููููุฉ ูุงูุตุญุฉ ุงูุจูุฆูุฉ ุุ ูุดุฑูุนู ูุฅุนุงุฏุฉ ุชุฏููุฑ ุงููุฎููุงุช ุงูุฅููุชุฑูููุฉ',NULL,NULL,NULL,0,1,0,NULL),(75,'ebdaleziz bin dhiab','ุนุจุฏุงูุนุฒูุฒ ุจู ุฐูุงุจ','azoz.almalke9512@gmail.com','assets/members/default.png','123456',201066,0,3,1,'0566824844',NULL,NULL,NULL,NULL,0,1,0,NULL),(76,'amal mabrouk frhan','ุงูู ูุจุฑูู ูุฑุญุงู',NULL,'assets/ryady-24461652920210509032652AM.png','123456',201067,0,3,15,'0508933537',NULL,NULL,NULL,NULL,0,1,0,NULL),(77,'Ibrahim Mohammed Nourwali','ุงุจุฑุงููู ูุญูุฏ ููุฑููู',NULL,'assets/ุงุจุฑุงููู.jpg','123456',201068,0,3,5,'0550939364',NULL,NULL,NULL,NULL,0,1,0,NULL),(78,'Lamyaa farooq abdulmajeed','ูููุงุก ูุฑูู ุนุจุฏุงููุฌูุฏ',NULL,'assets/ryady-24461652920210509032652AM.png','123456',201069,0,3,1,'0531621616',NULL,NULL,NULL,NULL,0,1,0,NULL),(79,'AHMED ATTIAH AL HARTOOMI','ุงุญูุฏ ุนุทูู ุงูุญุฑุชููู',NULL,'assets/ุงูุญุฑุชููู.jpg','123456',221070,0,1,10,'0542778996',NULL,NULL,NULL,NULL,0,1,0,NULL),(80,'Badr Jaza Alotaibi','ุจุฏุฑ ุฌุฒุงุก ุงูุนุชูุจู','badrotaibi@outlook.com','assets/ุจุฏุฑ ุฌุฒุงุก ุงูุนุชูุจู.jpeg','Badr7559Jaza',241071,0,2,1,'0506293862',NULL,NULL,NULL,NULL,0,1,0,NULL),(81,'Abdullah Mohammed Aloqayf','ุนุจุฏุงููู ูุญูุฏ ุงูุนููู','Abdullah.oqf@gamil.com','assets/ุนุจุฏุงููู ุงูุนููู.jpeg','Aa25112511',201072,0,3,3,'0583277227',NULL,NULL,NULL,NULL,0,1,0,NULL),(82,'MAJED YHYA AlSHARNI','ูุงุฌุฏ ูุญูู ุงูุดูุฑุงูู','MAJED@MAJED.com','assets/ryady-133260226520210508083657PM.jpeg','123456',201073,0,3,11,'059785000',NULL,NULL,NULL,NULL,0,1,0,NULL),(83,'Mahmiud M. Mujalled','ูุญููุฏ ูุญูุฏ ููุฌููุฏ','eng.mujalled@gmail.com','assets/391605743719_servers.png','momo5144',201074,0,3,2,'0556662623',NULL,NULL,NULL,NULL,0,1,0,NULL),(84,'KHALID MUHAMMAD OBAID','ุฎุงูุฏ ูุญูุฏ ุนุจูุฏ','eng.ppc7@gmail.com','assets/members/default.png','33115513579',241075,0,2,2,'0563633380',NULL,NULL,NULL,NULL,0,1,0,NULL),(85,'Dalal Mohammed Saed','ุฏูุงู ูุญูุฏ ุณุนูุฏ',NULL,'assets/ryady-24461652920210509032652AM.png','123456',201076,0,3,2,'0506080140',NULL,NULL,NULL,NULL,0,1,0,NULL),(86,'Doa\'a Wail Saleh Islam','ุฏุนุงุก ูุงุฆู ุตุงูุญ ุฅุณูุงู',NULL,'assets/ุฏุนุงุก ุงุณูุงู.jpeg','123456',201077,0,3,1,'0541091844',NULL,NULL,NULL,NULL,0,1,0,NULL),(87,'Anwar essam alkiki','ุฃููุงุฑ ุนุตุงู ุงููููู',NULL,'assets/ryady-24461652920210509032652AM.png','123456',201078,0,3,2,'0542442399',NULL,NULL,NULL,NULL,0,1,0,NULL),(88,'Loai Hassan Abduljawad','ูุคู ุญุณู ุนุจุฏุงูุฌูุงุฏ','Abduljawad.l@gmail.com','assets/ูุคู ุนุจุฏุงูุฌูุงุฏ.jpeg','L123321',201079,0,3,2,'0530333555',NULL,NULL,NULL,NULL,0,1,0,NULL),(89,'Badr Ayed Al-Harees','ุจุฏุฑ ุนุงูุถ ุงูุญุฑูุต','b@bbb.com','assets/ryady-30889552320210517054428AM.png','123456',201080,0,3,2,'0533333527',NULL,NULL,NULL,NULL,0,1,0,NULL),(90,'ALANOUD SAYER ALHARBI','ุงูุนููุฏ ุณุงูุฑ ุงูุญุฑุจู','alniudalharbi@gmail.com','assets/ryady-24461652920210509032652AM.png','Anood1420@',201081,0,3,20,'0533743012',NULL,NULL,NULL,NULL,0,1,0,NULL),(91,'Jalal Saleh Qotai','ุฌูุงู ุตุงูุญ ุงููุทูุนู',NULL,'assets/ุฌูุงู.jpeg','123456',201082,0,3,2,'0555530996',NULL,NULL,NULL,NULL,0,1,0,NULL),(92,'hanadi said mohammed','ููุงุฏู ุณุนูุฏ ูุญูุฏ',NULL,'assets/ryady-24461652920210509032652AM.png','123456',201083,0,3,1,'0555555501',NULL,NULL,NULL,NULL,0,1,0,NULL),(93,'waleed Salman Alnadhri','ูููุฏ ุณููุงู ุงููุงุธุฑู',NULL,'assets/members/default.png','123456',201084,0,3,2,'0565962255',NULL,NULL,NULL,NULL,0,1,0,NULL),(94,'Hanan Ahmad Salwati','ุญูุงู ุฃุญูุฏ ุตููุงุชู',NULL,'assets/ryady-47691136820210601030630PM.jpeg','123456',201085,0,3,5,'0544433256',NULL,NULL,NULL,NULL,0,1,0,NULL),(95,'Wejdan Ateyah ALGhmdey','ูุฌุฏุงู ุนุทูู ุงูุจุชูุฑ','Wjwj2015@hotmail.com','assets/ryady-24461652920210509032652AM.png','123456',201086,0,3,1,'0554366945','ูุฌุฏู  ุงูุจุชูุฑ. ุงูุบุงูุฏู.   ุจูุงููุฑููุณ. ุงุญูุงุก ุนูู ูุจุงุช. ูุชุทูุนู ููุฑุณู  ููุงููู ููููุฏุณู ูุงูุชุตููู ุงูุฏุงุฎูู.ููู ุงูุชุฎุฒูู ูุงุณุชุบูุงู ุงููุณุงุญุงุช    ูุญุจู ูููุจุงุชุงุช ุงูุฎุงุฑุฌูู ูุงูุฏุงุฎููู  ',NULL,NULL,NULL,0,1,0,NULL),(96,'Abdullah Majed AlKassabi','ุนุจุฏุงููู ูุงุฌุฏ ุงููุตุจู',NULL,'assets/members/default.png','123456',201087,0,3,1,'0504604638',NULL,NULL,NULL,NULL,0,1,0,NULL),(97,'Bayan mohammad albarakati','ุจูุงู ูุญูุฏ ุงูุจุฑูุงุชู','Bayan.art1@gmail.com','assets/ryady-24461652920210509032652AM.png','Bayan@123',201088,0,3,1,'0548991730',NULL,NULL,NULL,NULL,0,1,0,NULL),(98,'Nahla H Mufti','ูููู ุญุณู ููุชู',NULL,'assets/ryady-24461652920210509032652AM.png','123456',201089,0,3,4,'0556563232',NULL,NULL,NULL,NULL,0,1,0,NULL),(99,'Rawan wajdi fadhel','ุฑูุงู ูุฌุฏู ูุงุถู','Rawan@Rawan.com','assets/ryady-211416619620210601031530PM.jpeg','123456',221090,0,1,1,'0566077616',NULL,NULL,NULL,NULL,0,1,0,NULL),(100,'Muhanned Mohammed Al-Lihyani','ูููุฏ ูุญูุฏ ุงููุญูุงูู',NULL,'assets/members/default.png','123456',201091,0,3,4,'0505545464',NULL,NULL,NULL,NULL,0,1,0,NULL),(101,'Nora J Almalki','ููุฑุฉ ุฌุงุฑุงููู ุงููุงููู',NULL,'assets/ryady-24461652920210509032652AM.png','123456',201092,0,3,4,'0569546422',NULL,NULL,NULL,NULL,0,1,0,NULL),(102,'Muna Hamead Allabdi','ููู ุญููุฏ ุงููุจุฏู','dal3_2_o@hotmail.com','assets/ryady-24461652920210509032652AM.png','123456',201093,0,3,1,'0533449760','ููุชูู ุจุงููููู ูุงูููุถุฉุ ูุฑุงุฆุฏุฉ ุงุนูุงู ูู ูุฌุงู ุงูุชุฌููู ุงููุณุงุฆูุ ุญุงุตูุฉ ุนูู ุจูุงููุฑูุณ ููููุ ูุงุทูุญ ูุชูุณุน ุงุนูุงูู ุญูู ุงูููููุฉ',NULL,NULL,NULL,0,1,0,NULL),(103,'Reem Mohammed Al-Qahtani','ุฑูู ูุญูุฏ ุงููุญุทุงูู','reemstorydesign@gmail.com','assets/EBLARaRXsAghwcQ (1).jpg','123456',201094,0,3,2,'0541666143',NULL,NULL,NULL,NULL,0,1,0,NULL),(104,'Ahmad K. Albuainain','ุงุญูุฏ ุฎูููุฉ ุงูุจูุนูููู',NULL,'assets/members/default.png','123456',201095,0,3,8,'0555555502',NULL,NULL,NULL,NULL,0,1,0,NULL),(105,'RAWAN SAEED ALGHAMDI','ุฑูุงู ุณุนูุฏ ุงูุบุงูุฏู',NULL,'assets/ryady-24461652920210509032652AM.png','123456',201096,0,3,13,'0538934334',NULL,NULL,NULL,NULL,0,1,0,NULL),(106,'HANAN SALIM ALRUWYJAH','ุญูุงู ุณุงูู ุงูุฑููุฌุญ','Brincess16@gmail.com','assets/ryady-24461652920210509032652AM.png','123456',201097,0,3,3,'0559552533','ูุคุณุณ ููุงูู ููุฏูุฑ ุชูููุฐู ููููู ุณุช ุฃูุชุงุฑ ูููููุฉ ุงููุฎุชุตุฉ ุจูุฏููุฉ ุงูุทุงุฆู. ',NULL,NULL,NULL,0,1,0,NULL),(107,'Fathiah saed Alsheikhi','ูุชุญูุฉ ุณุนูุฏ ุงูุดูุฎู',NULL,'assets/ryady-24461652920210509032652AM.png','123456',201098,0,3,1,'0540300195',NULL,NULL,NULL,NULL,0,1,0,NULL),(108,'Taghreed khalaf Alazwary','ุชุบุฑูุฏ ุฎูู ุงูุงุฒูุฑู',NULL,'assets/ryady-24461652920210509032652AM.png','123456',201099,0,3,1,'0568081056',NULL,NULL,NULL,NULL,0,1,0,NULL),(109,'Rahaf ahmed sobhan','ุฑูู ุงุญูุฏ ุณุจุญุงู',NULL,'assets/ryady-24461652920210509032652AM.png','123456',201100,0,3,1,'0595959649',NULL,NULL,NULL,NULL,0,1,0,NULL),(110,'Mohammad yousef milibari','ูุญูุฏ ููุณู ูููุจุงุฑู',NULL,'assets/members/default.png','123456',201101,0,3,1,'0568284231',NULL,NULL,NULL,NULL,0,1,0,NULL),(111,'MUZUN MOUSAA ALkHAlBARl','ูุฒูู ููุณู ุงูุฎูุจุฑู',NULL,'assets/ryady-24461652920210509032652AM.png','123456',201102,0,3,14,'0543773179',NULL,NULL,NULL,NULL,0,1,0,NULL),(112,'khaled Eid almutairi','ุฎุงูุฏ ุนูุฏ ุงููุทูุฑู','k.e@outlook.sa','assets/members/default.png','123456',201103,0,3,2,'0563369970',NULL,NULL,NULL,NULL,0,1,0,NULL),(113,'Esraa M Nazer','ุฅุณุฑุงุก ูุตุทูู ูุงุธุฑ','Esraa@Nazer.com','assets/ryady-130393546520210601013141PM.png','123456',201104,0,3,1,'0554686618',NULL,NULL,NULL,NULL,0,1,0,NULL),(114,'Mohammed Mrawan Mamluk','ูุญูุฏ ูุฑูุงู ููููู',NULL,'assets/members/default.png','123456',201105,0,3,2,'0593312119',NULL,NULL,NULL,NULL,0,1,0,NULL),(115,'Sultan a alfuryh','ุณูุทุงู ุนุจุฏุงูุฑุญูู ุงููุฑูุญ',NULL,'assets/members/default.png','123456',201106,0,3,2,'0531122041',NULL,NULL,NULL,NULL,0,1,0,NULL),(116,'Amal Ali S','ุฃูู ุนูู ุตุงูุญ','amsaed1234@hotmail.com','assets/ryady-24461652920210509032652AM.png','123456',201107,0,3,15,'0557210305',NULL,NULL,NULL,NULL,0,1,0,NULL),(117,'Rabab Abdullah AL-Zhrany','ุฑุจุงุจ ุนุจุฏุงููู ุงูุฒูุฑุงูู','reehab2014@gmail.com','http://api.alshabalriyadi.net/assets/ryady-24461652920210509032652AM.png','123456',201108,0,3,3,'0555555503',NULL,NULL,NULL,NULL,0,1,0,NULL),(118,'Nawaf M Alqahtani','ููุงู ูุญูุฏ ุงููุญุทุงูู',NULL,'assets/members/default.png','123456',201109,0,3,2,'0555414006',NULL,NULL,NULL,NULL,0,1,0,NULL),(119,'Nour abdullah ALzharni','ููุฑู ุนุจุฏุงููู ุงูุฒูุฑุงูู',NULL,'assets/ryady-24461652920210509032652AM.png','123456',201110,0,3,2,'0503871121',NULL,NULL,NULL,NULL,0,1,0,NULL),(120,'Mansour Hameed Almalki','ููุตูุฑ ุญููุฏ ุงููุงููู','Mansour@Almalki.com','assets/ryady-98556748520210617015712PM.jpeg','123456',201111,0,3,4,'0509998265',NULL,NULL,NULL,NULL,0,1,0,NULL),(121,'Tahani Ali Saleh','ุชูุงูู ุนูู ุตุงูุญ',NULL,'assets/ryady-24461652920210509032652AM.png','123456',241112,0,2,15,'0530877935',NULL,NULL,NULL,NULL,0,1,0,NULL),(122,'Thekra Fahad al-ghamdi','ุฐูุฑู ููุฏ ุงูุบุงูุฏู',NULL,'assets/ryady-24461652920210509032652AM.png','123456',201113,0,3,1,'0556339919',NULL,NULL,NULL,NULL,0,1,0,NULL),(123,'Aljawharah A. Alfuhayd','ุงูุฌููุฑุฉ ุนุจุฏุงูุนุฒูุฒ ุขู-ูููุฏ',NULL,'assets/ryady-24461652920210509032652AM.png','123456',201114,0,3,2,'0555258755',NULL,NULL,NULL,NULL,0,1,0,NULL),(124,'Mohammed Ali Asiri','ูุญูุฏ ุนูู ุนุณูุฑู',NULL,'assets/members/default.png','123456',201115,0,3,1,'0538375383',NULL,NULL,NULL,NULL,0,1,0,NULL),(125,'Eman saleh alyousef','ุงููุงู ุตุงูุญ ุงูููุณู',NULL,'assets/ryady-24461652920210509032652AM.png','123456',201116,0,3,2,'0554166423',NULL,NULL,NULL,NULL,0,1,0,NULL),(126,'Reem Ali Al-Qarmoshi','ุฑูู ุนูู ุงููุฑููุดู',NULL,'assets/ryady-24461652920210509032652AM.png','123456',201117,0,3,1,'0562617778',NULL,NULL,NULL,NULL,0,1,0,NULL),(127,'Tareq Melfi Alrowaili','ุทุงุฑู ูููู ุงูุฑูููู',NULL,'assets/ุทุงุฑู ูููู.jpg','123456',201118,0,3,2,'0555555504',NULL,NULL,NULL,NULL,0,1,0,NULL),(128,'Hilal H. Ashour','ููุงู ูุดุงู ุนุงุดูุฑ',NULL,'assets/members/default.png','123456',201119,0,3,1,'0556299955',NULL,NULL,NULL,NULL,0,1,0,NULL),(129,'Sumaia Adnan jalloun','ุณููุฉ ุนูุงู ุฌููู',NULL,'assets/ุณููุฉ.jpg','123456',201120,0,3,2,'0570771300',NULL,NULL,NULL,NULL,0,1,0,NULL),(130,'Fatimah Sulaiman ALSaieed','ูุงุทูุฉ ุณูููุงู ุงูุณุนูุฏ',NULL,'assets/ryady-24461652920210509032652AM.png','123456',201121,0,3,1,'0567745447',NULL,NULL,NULL,NULL,0,1,0,NULL),(131,'Hanaa Ahmed Asiry','ููุงุก ุฃุญูุฏ ุนุณูุฑู','hanaa05043@hotmail.com','assets/ryady-24461652920210509032652AM.png','Han05043380',201122,0,3,16,'0504338038','ูุตููุฉ ุนุทูุฑ ',NULL,NULL,NULL,0,1,0,NULL),(132,'Abdulrhman Ahmed Sarhan','ุนุจุฏุงูุฑุญูู ุงุญูุฏ ุณุฑุญุงู',NULL,'assets/members/default.png','123456',201123,0,3,1,'0555555505',NULL,NULL,NULL,NULL,0,1,0,NULL),(133,'Maria Mohammed alsaadi','ูุงุฑูุง ูุญูุฏ ุงูุตุงุนุฏู','Maria.alsaadi20@gmail.com','assets/ryady-24461652920210509032652AM.png','Mm12341234',201124,0,3,1,'0567774929',NULL,NULL,NULL,NULL,0,1,0,NULL),(134,'KHALID NASSER ALSURAYYI','ุฎุงูุฏ ูุงุตุฑ ุงูุณุฑูุน',NULL,'assets/members/default.png','123456',201125,0,3,1,'0561186221',NULL,NULL,NULL,NULL,0,1,0,NULL),(135,'khald aeabdallah alghamidi','ุฎุงูุฏ ุนุจุฏุงููู ุงูุบุงูุฏู',NULL,'assets/members/default.png','123456',201126,0,3,1,'0555555506',NULL,NULL,NULL,NULL,0,1,0,NULL),(136,'Rihab Salem Al-Harbi','ุฑุญุงุจ ุณุงูู ุงูุญุฑุจู',NULL,'assets/ryady-24461652920210509032652AM.png','123456',201127,0,3,9,'0550536339',NULL,NULL,NULL,NULL,0,1,0,NULL),(137,'Mana Ali Al-Muhayya','ูุงูุน ุนูู ุขู ูุญูุง',NULL,'assets/members/default.png','123456',201128,0,3,2,'0554841212',NULL,NULL,NULL,NULL,0,1,0,NULL),(138,'Anwar M Bakhashwain','ุงููุฑ ูุญูุฏ ุจุงุฎุดููู','Abakhashwain@gmail.com','assets/members/default.png','Lamaa2008',201129,0,3,2,'0500514665',NULL,NULL,NULL,NULL,0,1,0,NULL),(139,'Basma Badr Seddik','ุจุณูุฉ ุจุฏุฑ ุตุฏูู',NULL,'assets/ryady-24461652920210509032652AM.png','123456',201130,0,3,1,'0540959523',NULL,NULL,NULL,NULL,0,1,0,NULL),(140,'Jameel nabeel Ahmed','ุฌููู ูุจูู ุนุจุฏู',NULL,'assets/members/default.png','123456',201131,0,3,1,'0540044229',NULL,NULL,NULL,NULL,0,1,0,NULL),(141,'Kholoud Abdullah Tawashi','ุฎููุฏ ุนุจุฏุงููู ุทูุงุดู',NULL,'assets/ryady-24461652920210509032652AM.png','123456',241132,0,2,1,'0508106335',NULL,NULL,NULL,NULL,0,1,0,NULL),(142,'Khawla M Al-Mass','ุฎููุฉ ูุญูุฏ ุงููุงุต',NULL,'assets/ryady-24461652920210509032652AM.png','123456',201133,0,3,2,'0502594963',NULL,NULL,NULL,NULL,0,1,0,NULL),(143,'khriyah M. Alghamdi','ุฎูุฑูุฉ ูุญูุฏ ุงูุบุงูุฏู','k@k.com','assets/ryady-24461652920210509032652AM.png','123456',201134,0,3,4,'0505508150',NULL,NULL,NULL,NULL,0,1,0,NULL),(144,'Dleyel Hasan Alenezy','ุฏูููู ุญุณู ุงูุนูุฒู',NULL,'assets/ryady-24461652920210509032652AM.png','123456',201135,0,3,2,'0555985421',NULL,NULL,NULL,NULL,0,1,0,NULL),(145,'MOHAMMED YAHYA ALNAMI','ูุญูุฏ ูุญูู ุงููุนูู','myn1500@gmail.com','assets/2B45F7D9-4A27-4CC7-A357-7E3DAF535C22.jpeg','Mohd5392',201136,0,3,17,'0544020911','ููุธู ูู ุงููุฌุงู ุงูุตุญู ูุงุนูู ุนูู ูุดุฑูุญ ุตุญู ุชููู ุฑูุงุฏู ',NULL,NULL,NULL,0,1,0,NULL),(146,'Ruggia Rashed AlKatheiri','ุฑููุฉ ุฑุดุงุฏ ุงููุซูุฑู',NULL,'assets/ryady-24461652920210509032652AM.png','123456',221137,0,1,1,'0509782807',NULL,NULL,NULL,NULL,0,1,0,NULL),(147,'Omar Mohammed Babtain','ุนูุฑ ูุญูุฏ ุจุงุจุทูู','omarbabtain96@gmail.com','assets/ุนูุฑ ุจุงุจุทูู.jpg','3Omarbab@1',201138,0,3,8,'0555819947','ูุฏูู ุญุณุงุจุงุช ุฎุงุฑุฌู ููุฏูู ูุจุฑูุงูุฌ ุงููุงุก ูุงููุญุชูู ุงููุญูู ูุฏู ุดุฑูุฉ ุจููุฑุชููู ูุญุงุณุจูู ูุงูููููู.\nุดุฑูู ุณุงุจู ูุฏู ุดุฑูุฉ ููุงููุงุช ุตูุงุนูุฉ ุจุงูููุทูุฉ ุงูุดุฑููุฉ.\nููุชู ุจุงูุงุณุชุซูุงุฑ ูุงูุดุฑุงูุงุช ููุณุชุซูุฑ ุจุณูู ุงูุฃุณูู ุงูุณุนูุฏู ูุงูุฃูุฑููู ูููุชู ุจุงูุชูููู ุงูุฌูุงุนู ุจุงูููููุฉ.',NULL,NULL,NULL,0,1,0,NULL),(148,'einad KALID alqurashii','ุนูุงุฏ ุฎุงูุฏ ุงููุฑุดู',NULL,'assets/members/default.png','123456',201139,0,3,4,'0566619623',NULL,NULL,NULL,NULL,0,1,0,NULL),(149,'Eid away almarwani','ุนูุฏ ุนูุงุฏ ุงููุฑูุงูู',NULL,'assets/members/default.png','123456',201140,0,3,1,'0500871500',NULL,NULL,NULL,NULL,0,1,0,NULL),(150,'gharis abrahim alfayiz','ุบุฑุณ ุฅุจุฑุงููู ุงููุงุฆุฒ',NULL,'assets/ryady-24461652920210509032652AM.png','123456',201141,0,3,2,'0509411252',NULL,NULL,NULL,NULL,0,1,0,NULL),(151,'Mahra Saeed Al-Ahmari','ููุฑุฉ ุณุนูุฏ ุงูุงุญูุฑู',NULL,'assets/ููุฑุฉ.jpg','123456',201142,0,3,1,'0508301000',NULL,NULL,NULL,NULL,0,1,0,NULL),(152,'Nujud Muhsen Alharbi','ูุฌูุฏ ูุญุณู ุงูุญุฑุจู',NULL,'assets/ryady-24461652920210509032652AM.png','123456',201143,0,3,5,'0583583858',NULL,NULL,NULL,NULL,0,1,0,NULL),(153,'Nawal Abdullah Altamimi','ููุงู ุนุจุฏุงููู ุงูุชูููู',NULL,'assets/ููุงู ุงูุชูููู ุนุถูุฉ.jpeg','123456',201144,0,3,2,'0546885236',NULL,NULL,NULL,NULL,0,1,0,NULL),(154,'HUDA SAMI ALJAFAR','ูุฏู ุณุงูู ุงูุฌุนูุฑ',NULL,'assets/ryady-24461652920210509032652AM.png','123456',201145,0,3,2,'0507578110',NULL,NULL,NULL,NULL,0,1,0,NULL),(155,'Kawthar Mohammed Hawsawi','ููุซุฑ ูุญูุฏ ููุณุงูู','valium.k77@gmail.com','assets/ryady-24461652920210509032652AM.png','123456',201146,0,3,4,'0505578261',NULL,NULL,NULL,NULL,0,1,0,NULL),(156,'Hanan Hamad Al-Saqabi','ุญูุงู ุญูุฏ ุงูุตูุนุจู',NULL,'assets/ryady-24461652920210509032652AM.png','123456',241147,0,2,2,'0565335921',NULL,NULL,NULL,NULL,0,1,0,NULL),(157,'Musa Sneed Al-Dubaisi','ููุณู ุณููุฏ ุงูุฏุจูุณู','musa.photo.rm@gmail.com','assets/ููุณู ุงูุฏุจูุณู.jpg','1058177369Mm',201148,0,3,2,'0548302552','ูุชุฎุตุต ูู ุงุนูุงู ุงูุฎุดุจ ุงูุทุจูุนู ุงุนูู ุนูู ุชุฃุณูุณ ููุงูุชู ุจูู ุญุฑููู ุงูููููุฉ ูุฑูุจ ุณุฃุทูู ูุชุฌุฑู ุงูุงููุชุฑููู Balakash.com',NULL,NULL,NULL,0,1,0,NULL),(158,'Hassan Mohammed Fallata','ุญุณู ูุญูุฏ ููุงุชู','alhyndas@gmail.com','assets/ุญุณู ููุงุชู.jpg','HASSANm1234567',201149,0,3,4,'0566653365',NULL,NULL,NULL,NULL,0,1,0,NULL),(159,'SAMIRAH MESHAL ALJUAID','ุณููุฑู ูุดุนู ุงูุฌุนูุฏ','sm7890sm1234@gmail.com','assets/ryady-24461652920210509032652AM.png','S537170711',221150,0,1,3,'0538517318',NULL,NULL,NULL,NULL,0,1,0,NULL),(160,'isha Saleh Al-Otaibi','ุนุงูุดู ุตุงูุญ ุงูุนุชูุจู','aisha_7854@hotmail.com','assets/ryady-24461652920210509032652AM.png','A537170711',221151,0,1,3,'0550895992',NULL,NULL,NULL,NULL,0,1,0,NULL),(161,'Abeer Fouad Khafaji','ุนุจูุฑ ูุคุงุฏ ุฎูุงุฌู',NULL,'assets/ุนุจูุฑ ุฎูุงุฌู.jpg','123456',201152,0,3,1,'0543111370',NULL,NULL,NULL,NULL,0,1,0,NULL),(162,'Nora A. Al-Ghamdi','ููุฑุง ุนุจุฏุงูุฑุญูู ุงูุบุงูุฏู',NULL,'assets/ryady-24461652920210509032652AM.png','123456',221153,0,3,6,'0559540700',NULL,NULL,NULL,NULL,0,1,0,NULL),(163,'Amna Muhammad Al-Ghamdi','ุงููู ูุญูุฏ ุงูุบุงูุฏู','Ammnh.m.g@gmail.com','assets/ryady-24461652920210509032652AM.png','Amoonn5522',241154,0,2,2,'0504295552','ูุฏุฑุจู ูุนุชูุฏู ูู ุงูููุณุณู ุงูุนุงูู ููุชุฏุฑูุจ ุงูุชููู ูุงูููููุ ูุฏูุฑู ุฏุงุฑ ุชุญููุธ ุจุงูุฑูุงุถ',NULL,NULL,NULL,0,1,0,NULL),(164,'Ibrahim Hussein alaryani','ุฅุจุฑุงููู ุญุณูู ุงูุนุฑูุงูู','Vip666_2@hotmail.com','assets/391605743719_servers.png','123456',201155,0,3,2,'0505265734',NULL,NULL,NULL,NULL,0,1,0,NULL),(165,'Aisha Abdullah Baqader','ุนุงุฆุดุฉ ุนุจุฏุงููู ุจุงูุงุฏุฑ',NULL,'assets/ryady-24461652920210509032652AM.png','123456',241156,0,2,1,'0504517179',NULL,NULL,NULL,NULL,0,1,0,NULL),(166,'Wisam Mohamed alhazmi','ูุณุงู ูุญูุฏ ุงูุญุงุฒูู','Wisamhazmi@hotmail.com','assets/ryady-24461652920210509032652AM.png','14207Mod',201157,0,3,1,'0568955152',NULL,NULL,NULL,NULL,0,1,0,NULL),(167,'Hana M. Al-Tuwairqi','ููุงุก ูุญูุฏ ุงูุทููุฑูู',NULL,'assets/ryady-24461652920210509032652AM.png','123456',201158,0,3,1,'0505612588',NULL,NULL,NULL,NULL,0,1,0,NULL),(168,'Abdulrhman Abdullah Alqhtani','ุนุจุฏุงูุฑุญูู ุนุจุฏุงููู ุงููุญุทุงูู','Abd.job.ksa@gmail.com','assets/ุนุจุฏุงูุฑุญูู ุงููุญุทุงูู.jpeg','Aa0554623103',201159,0,3,1,'0554623103',NULL,NULL,NULL,NULL,0,1,0,NULL),(169,'Naif mohammed almobty','ูุงูู ูุญูุฏ ุงููุจุทู',NULL,'assets/members/default.png','123456',221160,0,1,2,'0546288800',NULL,NULL,NULL,NULL,0,1,0,NULL),(170,'Areej M Al-Qurashi','ุงุฑูุฌ ูุญูุฏ ุงููุฑุดู',NULL,'assets/ryady-24461652920210509032652AM.png','123456',201161,0,3,1,'0544915512',NULL,NULL,NULL,NULL,0,1,0,NULL),(171,'Kahmes S. Alzahrani','ุฎููุณ ุณููู ุงูุฒูุฑุงูู','alzhranyk32@hotmail.com','assets/members/default.png','1Q2w3e4r5t6y',201162,0,3,1,'0569957000','ุฎุจุฑุฉ ุฃูุซุฑ ูู ูกูฃุณูู ูู ูุฌุงู ุงููุถุงูุง ูุงููุญุงูุงูุ\n ุฃุนูู ุญุงููุงู ูุฏู ุดุฑูุฉ ุจูุฑ ุญุงูุฏ ููุฑ ูููุญุงูุงูุ ุจูุฏููุฉ ุฌุฏู ',NULL,NULL,NULL,0,1,0,NULL),(172,'Doaa Mostafa nazer','ุฏุนุงุก ูุตุทูู ูุงุธุฑ',NULL,'assets/ryady-24461652920210509032652AM.png','123456',201163,0,3,1,'0506692171',NULL,NULL,NULL,NULL,0,1,0,NULL),(173,'alaa a. felmban','ุนูุงุก ุนุงุฏู ูููุจุงู',NULL,'assets/ุนูุงุก ูููุจุงู.jpg','123456',241164,0,2,2,'0590980869',NULL,NULL,NULL,NULL,0,1,0,NULL),(174,'ูุณุคูู','admin','admin@alshabalriyadi.net','assets/members/default.png','123456',20111,0,3,1,'0500000000',NULL,NULL,NULL,NULL,0,1,1,NULL);
/*!40000 ALTER TABLE `users` ENABLE KEYS */;
UNLOCK TABLES;

--
-- Table structure for table `videos`
--

DROP TABLE IF EXISTS `videos`;
/*!40101 SET @saved_cs_client     = @@character_set_client */;
/*!50503 SET character_set_client = utf8mb4 */;
CREATE TABLE `videos` (
  `id` int NOT NULL AUTO_INCREMENT,
  `name` varchar(250) COLLATE utf8mb4_unicode_ci DEFAULT NULL,
  `url` varchar(300) COLLATE utf8mb4_unicode_ci DEFAULT NULL,
  `image` varchar(250) COLLATE utf8mb4_unicode_ci DEFAULT NULL,
  PRIMARY KEY (`id`)
) ENGINE=InnoDB AUTO_INCREMENT=5 DEFAULT CHARSET=utf8mb4 COLLATE=utf8mb4_unicode_ci;
/*!40101 SET character_set_client = @saved_cs_client */;

--
-- Dumping data for table `videos`
--

LOCK TABLES `videos` WRITE;
/*!40000 ALTER TABLE `videos` DISABLE KEYS */;
INSERT INTO `videos` VALUES (1,'ุญูุงุฉ ุงูููุงุญ - ุชุฌุงุฑุจ ุนููุชูู ุญ 1','https://www.youtube.com/watch?v=a7sJ4MBtL2A','assets/videos/01.webp'),(2,'ุญูุงุฉ ุงูููุงุญ - ุชุฌุงุฑุจ ุนููุชูู ุญ 2','https://www.youtube.com/watch?v=2MiTWgoazy0','assets/videos/02.webp'),(3,'ุงุณุงุณูุงุช ุจูุงุก ูุชุฃุณูุณ ุงููุดุงุฑูุน -  ุฃ. ุงุญูุฏ ุงููููุจู','https://www.youtube.com/watch?v=Zla7htgnf_g','assets/videos/03.webp'),(4,'ุงูุดุงุจ ุงูุฑูุงุฏู','https://www.youtube.com/watch?v=j5K6Gb9lz5M','assets/videos/04.webp');
/*!40000 ALTER TABLE `videos` ENABLE KEYS */;
UNLOCK TABLES;
/*!40103 SET TIME_ZONE=@OLD_TIME_ZONE */;

/*!40101 SET SQL_MODE=@OLD_SQL_MODE */;
/*!40014 SET FOREIGN_KEY_CHECKS=@OLD_FOREIGN_KEY_CHECKS */;
/*!40014 SET UNIQUE_CHECKS=@OLD_UNIQUE_CHECKS */;
/*!40101 SET CHARACTER_SET_CLIENT=@OLD_CHARACTER_SET_CLIENT */;
/*!40101 SET CHARACTER_SET_RESULTS=@OLD_CHARACTER_SET_RESULTS */;
/*!40101 SET COLLATION_CONNECTION=@OLD_COLLATION_CONNECTION */;
/*!40111 SET SQL_NOTES=@OLD_SQL_NOTES */;

-- Dump completed on 2022-03-20  0:44:43
